CATALOG_NAME,SCHEMA_NAME,CUBE_NAME,MEASURE_NAME,MEASURE_UNIQUE_NAME,MEASURE_CAPTION,MEASURE_GUID,MEASURE_AGGREGATOR,DATA_TYPE,NUMERIC_PRECISION,NUMERIC_SCALE,MEASURE_UNITS,DESCRIPTION,EXPRESSION,MEASURE_IS_VISIBLE,LEVELS_LIST,MEASURE_NAME_SQL_COLUMN_NAME,MEASURE_UNQUALIFIED_CAPTION,MEASUREGROUP_NAME,MEASURE_DISPLAY_FOLDER,DEFAULT_FORMAT_STRING
9db905b3-1555-4fdf-b744-0526515a48f6,,Model,#CF GLAmt YoY YTD % BG,[Measures].[#CF GLAmt YoY YTD % BG],#CF GLAmt YoY YTD % BG,,0,12,65535,-1,,,VAR _Measure = [General Ledger Amount YoY % (YTD)],TRUE,,#CF GLAmt YoY YTD % BG,#CF GLAmt YoY YTD % BG,Colors & Formatting,Conditional Formatting,
,,,,,,,,,,,,,,,,,,,,
,,,,,,,,,,,,,RETURN,,,,,,,
,,,,,,,,,,,,,SWITCH(,,,,,,,
,,,,,,,,,,,,,"аааTRUE(),",,,,,,,
,,,,,,,,,,,,,"ааа_Measure > 0, CALCULATE(SELECTEDVALUE('Color Table'[Value]), 'Color Table'[Name] = ""positive_bg""),",,,,,,,
,,,,,,,,,,,,,"ааа_Measure < 0, CALCULATE(SELECTEDVALUE('Color Table'[Value]), 'Color Table'[Name] = ""negative_bg"")",,,,,,,
,,,,,,,,,,,,,),,,,,,,
9db905b3-1555-4fdf-b744-0526515a48f6,,Model,#CF GLAmt YoY YTD % TXT,[Measures].[#CF GLAmt YoY YTD % TXT],#CF GLAmt YoY YTD % TXT,,0,12,65535,-1,,,VAR _Measure = [General Ledger Amount YoY % (YTD)],TRUE,,#CF GLAmt YoY YTD % TXT,#CF GLAmt YoY YTD % TXT,Colors & Formatting,Conditional Formatting,
,,,,,,,,,,,,,,,,,,,,
,,,,,,,,,,,,,RETURN,,,,,,,
,,,,,,,,,,,,,SWITCH(,,,,,,,
,,,,,,,,,,,,,"аааTRUE(),",,,,,,,
,,,,,,,,,,,,,"ааа_Measure > 0, CALCULATE(SELECTEDVALUE('Color Table'[Value]), 'Color Table'[Name] = ""positive_txt""),",,,,,,,
,,,,,,,,,,,,,"ааа_Measure < 0, CALCULATE(SELECTEDVALUE('Color Table'[Value]), 'Color Table'[Name] = ""negative_txt"")",,,,,,,
,,,,,,,,,,,,,),,,,,,,
9db905b3-1555-4fdf-b744-0526515a48f6,,Model,#CF GLAmt YoY YTD BG,[Measures].[#CF GLAmt YoY YTD BG],#CF GLAmt YoY YTD BG,,0,12,65535,-1,,,VAR _Measure = [General Ledger Amount YoY (YTD)],TRUE,,#CF GLAmt YoY YTD BG,#CF GLAmt YoY YTD BG,Colors & Formatting,Conditional Formatting,
,,,,,,,,,,,,,,,,,,,,
,,,,,,,,,,,,,RETURN,,,,,,,
,,,,,,,,,,,,,SWITCH(,,,,,,,
,,,,,,,,,,,,,"аааTRUE(),",,,,,,,
,,,,,,,,,,,,,"ааа_Measure > 0, CALCULATE(SELECTEDVALUE('Color Table'[Value]), 'Color Table'[Name] = ""positive_bg""),",,,,,,,
,,,,,,,,,,,,,"ааа_Measure < 0, CALCULATE(SELECTEDVALUE('Color Table'[Value]), 'Color Table'[Name] = ""negative_bg"")",,,,,,,
,,,,,,,,,,,,,),,,,,,,
9db905b3-1555-4fdf-b744-0526515a48f6,,Model,#CF GLAmt YoY YTD TXT,[Measures].[#CF GLAmt YoY YTD TXT],#CF GLAmt YoY YTD TXT,,0,12,65535,-1,,,VAR _Measure = [General Ledger Amount YoY (YTD)],TRUE,,#CF GLAmt YoY YTD TXT,#CF GLAmt YoY YTD TXT,Colors & Formatting,Conditional Formatting,
,,,,,,,,,,,,,,,,,,,,
,,,,,,,,,,,,,RETURN,,,,,,,
,,,,,,,,,,,,,SWITCH(,,,,,,,
,,,,,,,,,,,,,"аааTRUE(),",,,,,,,
,,,,,,,,,,,,,"ааа_Measure > 0, CALCULATE(SELECTEDVALUE('Color Table'[Value]), 'Color Table'[Name] = ""positive_txt""),",,,,,,,
,,,,,,,,,,,,,"ааа_Measure < 0, CALCULATE(SELECTEDVALUE('Color Table'[Value]), 'Color Table'[Name] = ""negative_txt"")",,,,,,,
,,,,,,,,,,,,,),,,,,,,
9db905b3-1555-4fdf-b744-0526515a48f6,,Model,#CF GLAmt YoY BG,[Measures].[#CF GLAmt YoY BG],#CF GLAmt YoY BG,,0,12,65535,-1,,,VAR _Measure = [General Ledger Amount YoY],TRUE,,#CF GLAmt YoY BG,#CF GLAmt YoY BG,Colors & Formatting,Conditional Formatting,
,,,,,,,,,,,,,,,,,,,,
,,,,,,,,,,,,,RETURN,,,,,,,
,,,,,,,,,,,,,SWITCH(,,,,,,,
,,,,,,,,,,,,,"аааTRUE(),",,,,,,,
,,,,,,,,,,,,,"ааа_Measure > 0, CALCULATE(SELECTEDVALUE('Color Table'[Value]), 'Color Table'[Name] = ""positive_bg""),",,,,,,,
,,,,,,,,,,,,,"ааа_Measure < 0, CALCULATE(SELECTEDVALUE('Color Table'[Value]), 'Color Table'[Name] = ""negative_bg"")",,,,,,,
,,,,,,,,,,,,,),,,,,,,
9db905b3-1555-4fdf-b744-0526515a48f6,,Model,#CF GLAmt YoY TXT,[Measures].[#CF GLAmt YoY TXT],#CF GLAmt YoY TXT,,0,12,65535,-1,,,VAR _Measure = [General Ledger Amount YoY],TRUE,,#CF GLAmt YoY TXT,#CF GLAmt YoY TXT,Colors & Formatting,Conditional Formatting,
,,,,,,,,,,,,,,,,,,,,
,,,,,,,,,,,,,RETURN,,,,,,,
,,,,,,,,,,,,,SWITCH(,,,,,,,
,,,,,,,,,,,,,"аааTRUE(),",,,,,,,
,,,,,,,,,,,,,"ааа_Measure > 0, CALCULATE(SELECTEDVALUE('Color Table'[Value]), 'Color Table'[Name] = ""positive_txt""),",,,,,,,
,,,,,,,,,,,,,"ааа_Measure < 0, CALCULATE(SELECTEDVALUE('Color Table'[Value]), 'Color Table'[Name] = ""negative_txt"")",,,,,,,
,,,,,,,,,,,,,),,,,,,,
9db905b3-1555-4fdf-b744-0526515a48f6,,Model,#CF Budget Variance BG,[Measures].[#CF Budget Variance BG],#CF Budget Variance BG,,0,12,65535,-1,,,VAR _Measure = [Budget Variance],TRUE,,#CF Budget Variance BG,#CF Budget Variance BG,Colors & Formatting,Conditional Formatting,
,,,,,,,,,,,,,,,,,,,,
,,,,,,,,,,,,,RETURN,,,,,,,
,,,,,,,,,,,,,SWITCH(,,,,,,,
,,,,,,,,,,,,,"аааTRUE(),",,,,,,,
,,,,,,,,,,,,,"ааа_Measure > 0, CALCULATE(SELECTEDVALUE('Color Table'[Value]), 'Color Table'[Name] = ""positive_bg""),",,,,,,,
,,,,,,,,,,,,,"ааа_Measure < 0, CALCULATE(SELECTEDVALUE('Color Table'[Value]), 'Color Table'[Name] = ""negative_bg"")",,,,,,,
,,,,,,,,,,,,,),,,,,,,
9db905b3-1555-4fdf-b744-0526515a48f6,,Model,#CF Budget Variance TXT,[Measures].[#CF Budget Variance TXT],#CF Budget Variance TXT,,0,12,65535,-1,,,VAR _Measure = [Budget Variance],TRUE,,#CF Budget Variance TXT,#CF Budget Variance TXT,Colors & Formatting,Conditional Formatting,
,,,,,,,,,,,,,,,,,,,,
,,,,,,,,,,,,,RETURN,,,,,,,
,,,,,,,,,,,,,SWITCH(,,,,,,,
,,,,,,,,,,,,,"аааTRUE(),",,,,,,,
,,,,,,,,,,,,,"ааа_Measure > 0, CALCULATE(SELECTEDVALUE('Color Table'[Value]), 'Color Table'[Name] = ""positive_txt""),",,,,,,,
,,,,,,,,,,,,,"ааа_Measure < 0, CALCULATE(SELECTEDVALUE('Color Table'[Value]), 'Color Table'[Name] = ""negative_txt"")",,,,,,,
,,,,,,,,,,,,,),,,,,,,
9db905b3-1555-4fdf-b744-0526515a48f6,,Model,#CF Structured Reports,[Measures].[#CF Structured Reports],#CF Structured Reports,,0,12,65535,-1,,,VAR _Type =,TRUE,,#CF Structured Reports,#CF Structured Reports,Colors & Formatting,Conditional Formatting,
,,,,,,,,,,,,,SELECTEDVALUE(,,,,,,,
,,,,,,,,,,,,,"ааа'Reports'[Type],",,,,,,,
,,,,,,,,,,,,,ааа,,,,,,,
,,,,,,,,,,,,,"ааа//If multiple values are found - check if it's a header. If not, BLANK()",,,,,,,
,,,,,,,,,,,,,аааCALCULATE(,,,,,,,
,,,,,,,,,,,,,"аааааааMIN('Reports'[Type]),",,,,,,,
,,,,,,,,,,,,,"ааааааа'Reports'[Type] = ""Header""",,,,,,,
,,,,,,,,,,,,,ааа),,,,,,,
,,,,,,,,,,,,,),,,,,,,
,,,,,,,,,,,,,,,,,,,,
,,,,,,,,,,,,,RETURN,,,,,,,
,,,,,,,,,,,,,SWITCH(,,,,,,,
,,,,,,,,,,,,,"аааTRUE(),",,,,,,,
,,,,,,,,,,,,,"ааа_Type = ""Header"" && [Report Scope] > 0, CALCULATE(SELECTEDVALUE('Color Table'[Value]), 'Color Table'[Name] = ""report_header_bg""), //Report Scope is 0 for the row grand total",,,,,,,
,,,,,,,,,,,,,"ааа_Type = ""Subtotal"", CALCULATE(SELECTEDVALUE('Color Table'[Value]), 'Color Table'[Name] = ""report_subtotal_bg""),",,,,,,,
,,,,,,,,,,,,,"ааа_Type = ""Grand Total"", CALCULATE(SELECTEDVALUE('Color Table'[Value]), 'Color Table'[Name] = ""report_grandtotal_bg""),",,,,,,,
,,,,,,,,,,,,,"ааа_Type = ""Formula"", CALCULATE(SELECTEDVALUE('Color Table'[Value]), 'Color Table'[Name] = ""report_formula_bg"")",,,,,,,
,,,,,,,,,,,,,),,,,,,,
9db905b3-1555-4fdf-b744-0526515a48f6,,Model,#CF Budget Variance (YTD) BG,[Measures].[#CF Budget Variance (YTD) BG],#CF Budget Variance (YTD) BG,,0,12,65535,-1,,,VAR _Measure = [Budget Variance (YTD)],TRUE,,#CF Budget Variance (YTD) BG,#CF Budget Variance (YTD) BG,Colors & Formatting,Conditional Formatting,
,,,,,,,,,,,,,,,,,,,,
,,,,,,,,,,,,,RETURN,,,,,,,
,,,,,,,,,,,,,SWITCH(,,,,,,,
,,,,,,,,,,,,,"аааTRUE(),",,,,,,,
,,,,,,,,,,,,,"ааа_Measure > 0, CALCULATE(SELECTEDVALUE('Color Table'[Value]), 'Color Table'[Name] = ""positive_bg""),",,,,,,,
,,,,,,,,,,,,,"ааа_Measure < 0, CALCULATE(SELECTEDVALUE('Color Table'[Value]), 'Color Table'[Name] = ""negative_bg"")",,,,,,,
,,,,,,,,,,,,,),,,,,,,
9db905b3-1555-4fdf-b744-0526515a48f6,,Model,#CF Budget Variance (YTD) TXT,[Measures].[#CF Budget Variance (YTD) TXT],#CF Budget Variance (YTD) TXT,,0,12,65535,-1,,,VAR _Measure = [Budget Variance (YTD)],TRUE,,#CF Budget Variance (YTD) TXT,#CF Budget Variance (YTD) TXT,Colors & Formatting,Conditional Formatting,
,,,,,,,,,,,,,,,,,,,,
,,,,,,,,,,,,,RETURN,,,,,,,
,,,,,,,,,,,,,SWITCH(,,,,,,,
,,,,,,,,,,,,,"аааTRUE(),",,,,,,,
,,,,,,,,,,,,,"ааа_Measure > 0, CALCULATE(SELECTEDVALUE('Color Table'[Value]), 'Color Table'[Name] = ""positive_txt""),",,,,,,,
,,,,,,,,,,,,,"ааа_Measure < 0, CALCULATE(SELECTEDVALUE('Color Table'[Value]), 'Color Table'[Name] = ""negative_txt"")",,,,,,,
,,,,,,,,,,,,,),,,,,,,
9db905b3-1555-4fdf-b744-0526515a48f6,,Model,#CF GLAmt YoY YTD ICON,[Measures].[#CF GLAmt YoY YTD ICON],#CF GLAmt YoY YTD ICON,,0,12,65535,-1,,,VAR _Measure = [General Ledger Amount YoY (YTD)],TRUE,,#CF GLAmt YoY YTD ICON,#CF GLAmt YoY YTD ICON,Colors & Formatting,Conditional Formatting,
,,,,,,,,,,,,,,,,,,,,
,,,,,,,,,,,,,RETURN,,,,,,,
,,,,,,,,,,,,,SWITCH(,,,,,,,
,,,,,,,,,,,,,"аааTRUE(),",,,,,,,
,,,,,,,,,,,,,"ааа_Measure > 0, CALCULATE(SELECTEDVALUE('Color Table'[Value]), 'Color Table'[Name] = ""icon_positive""),",,,,,,,
,,,,,,,,,,,,,"ааа_Measure < 0, CALCULATE(SELECTEDVALUE('Color Table'[Value]), 'Color Table'[Name] = ""icon_negative"")",,,,,,,
,,,,,,,,,,,,,),,,,,,,
9db905b3-1555-4fdf-b744-0526515a48f6,,Model,#CF Structured Reports Icons - GLAmt YoY YTD,[Measures].[#CF Structured Reports Icons - GLAmt YoY YTD],#CF Structured Reports Icons - GLAmt YoY YTD,,0,12,65535,-1,,,VAR _Type =,TRUE,,#CF Structured Reports Icons - GLAmt YoY YTD,#CF Structured Reports Icons - GLAmt YoY YTD,Colors & Formatting,Conditional Formatting,
,,,,,,,,,,,,,SELECTEDVALUE(,,,,,,,
,,,,,,,,,,,,,"ааа'Reports'[Type],",,,,,,,
,,,,,,,,,,,,,ааа,,,,,,,
,,,,,,,,,,,,,"ааа//If multiple values are found - check if it's a header. If not, BLANK()",,,,,,,
,,,,,,,,,,,,,аааCALCULATE(,,,,,,,
,,,,,,,,,,,,,"аааааааMIN('Reports'[Type]),",,,,,,,
,,,,,,,,,,,,,"ааааааа'Reports'[Type] = ""Header""",,,,,,,
,,,,,,,,,,,,,ааа),,,,,,,
,,,,,,,,,,,,,),,,,,,,
,,,,,,,,,,,,,,,,,,,,
,,,,,,,,,,,,,VAR _Measure = [General Ledger Amount YoY (YTD)],,,,,,,
,,,,,,,,,,,,,,,,,,,,
,,,,,,,,,,,,,VAR _Result =,,,,,,,
,,,,,,,,,,,,,SWITCH(,,,,,,,
,,,,,,,,,,,,,"аааTRUE(),",,,,,,,
,,,,,,,,,,,,,"ааа_Measure > 0, CALCULATE(SELECTEDVALUE('Color Table'[Value]), 'Color Table'[Name] = ""icon_positive""),",,,,,,,
,,,,,,,,,,,,,"ааа_Measure < 0, CALCULATE(SELECTEDVALUE('Color Table'[Value]), 'Color Table'[Name] = ""icon_negative"")",,,,,,,
,,,,,,,,,,,,,),,,,,,,
,,,,,,,,,,,,,,,,,,,,
,,,,,,,,,,,,,RETURN,,,,,,,
,,,,,,,,,,,,,SWITCH(,,,,,,,
,,,,,,,,,,,,,"аааTRUE(),",,,,,,,
,,,,,,,,,,,,,"ааа_Type = ""Header"", BLANK(),",,,,,,,
,,,,,,,,,,,,,"ааа_Type = ""Subtotal"", _Result,",,,,,,,
,,,,,,,,,,,,,"ааа_Type = ""Grand Total"", _Result,",,,,,,,
,,,,,,,,,,,,,"ааа_Type = ""Formula"", _Result,",,,,,,,
,,,,,,,,,,,,,ааа_Result,,,,,,,
,,,,,,,,,,,,,),,,,,,,
9db905b3-1555-4fdf-b744-0526515a48f6,,Model,Axis - P&L YTD (Monthly),[Measures].[Axis - P&L YTD (Monthly)],Axis - P&L YTD (Monthly),,0,12,65535,-1,,,MAXX(,TRUE,,Axis - P&L YTD (Monthly),Axis - P&L YTD (Monthly),Colors & Formatting,Axis Formatting,
,,,,,,,,,,,,,аааSUMMARIZECOLUMNS(,,,,,,,
,,,,,,,,,,,,,"аааааааdimDate[Month Serial],",,,,,,,
,,,,,,,,,,,,,"ааааааа""Value"",",,,,,,,
,,,,,,,,,,,,,аааааааааааMAXX(,,,,,,,
,,,,,,,,,,,,,ааааааааааа{,,,,,,,
,,,,,,,,,,,,,"ааааааааааааааа( [General Ledger Amount (YTD)] ),",,,,,,,
,,,,,,,,,,,,,"ааааааааааааааа( [General Ledger Amount (YTD LY)] ),",,,,,,,
,,,,,,,,,,,,,"ааааааааааааааа( [Budget Amount (YTD)] ),",,,,,,,
,,,,,,,,,,,,,ааааааааааааааа0,,,,,,,
,,,,,,,,,,,,,"ааааааааааа},",,,,,,,
,,,,,,,,,,,,,ааааааааааа[Value],,,,,,,
,,,,,,,,,,,,,ааааааааааа),,,,,,,
,,,,,,,,,,,,,"ааа),",,,,,,,
,,,,,,,,,,,,,ааа[Value],,,,,,,
,,,,,,,,,,,,,) * 1.25,,,,,,,
9db905b3-1555-4fdf-b744-0526515a48f6,,Model,DateRange,[Measures].[DateRange],DateRange,,0,12,65535,-1,,,"FORMAT(MIN('dimDate'[Date]), ""DD-MMM-YYYY"") & "" - "" & FORMAT(MAX('dimDate'[Date]), ""DD-MMM-YYYY"") & "" - "" & COUNTROWS('dimDate')",TRUE,,DateRange,DateRange,Key Measures,Utilities,
9db905b3-1555-4fdf-b744-0526515a48f6,,Model,FixedColumnWidth,[Measures].[FixedColumnWidth],FixedColumnWidth,,0,12,65535,-1,,,"REPT(0,14)",TRUE,,FixedColumnWidth,FixedColumnWidth,Key Measures,Utilities,
9db905b3-1555-4fdf-b744-0526515a48f6,,Model,General Ledger Amount,[Measures].[General Ledger Amount],General Ledger Amount,,0,12,65535,-1,,,DIVIDE(,TRUE,,General Ledger Amount,General Ledger Amount,Key Measures,General Ledger,"#,0.00"
,,,,,,,,,,,,,аааSUMX(,,,,,,,
,,,,,,,,,,,,,"аааааааfctGeneralLedgerTransactionsExt,",,,,,,,
,,,,,,,,,,,,,ааааааа,,,,,,,
,,,,,,,,,,,,,аааааааVAR _AccountType = RELATED(dimAccount[Type]),,,,,,,
,,,,,,,,,,,,,,,,,,,,
,,,,,,,,,,,,,аааааааVAR _Signage =,,,,,,,
,,,,,,,,,,,,,аааааааSWITCH(,,,,,,,
,,,,,,,,,,,,,"аааааааааааTRUE(),",,,,,,,
,,,,,,,,,,,,,"ааааааааааа_AccountType = ""Income"" || _AccountType = ""Expense"", -1,",,,,,,,
,,,,,,,,,,,,,"ааааааааааа_AccountType = ""Asset"" || _AccountType = ""Liability"", 1,",,,,,,,
,,,,,,,,,,,,,ааааааааааа1,,,,,,,
,,,,,,,,,,,,,ааааааа),,,,,,,
,,,,,,,,,,,,,,,,,,,,
,,,,,,,,,,,,,аааааааRETURN,,,,,,,
,,,,,,,,,,,,,аааааааfctGeneralLedgerTransactionsExt[Amount] * _Signage,,,,,,,
,,,,,,,,,,,,,"ааа),",,,,,,,
,,,,,,,,,,,,,"аааSELECTEDVALUE('Display Units'[Value], 1)",,,,,,,
,,,,,,,,,,,,,),,,,,,,
9db905b3-1555-4fdf-b744-0526515a48f6,,Model,Budget Amount,[Measures].[Budget Amount],Budget Amount,,0,12,65535,-1,,,DIVIDE(,TRUE,,Budget Amount,Budget Amount,Key Measures,Budget,
,,,,,,,,,,,,,ааа,,,,,,,
,,,,,,,,,,,,,аааSUMX(,,,,,,,
,,,,,,,,,,,,,"аааааааfctBudgetPeriodsExt,",,,,,,,
,,,,,,,,,,,,,ааааааа,,,,,,,
,,,,,,,,,,,,,аааааааVAR _AccountType = RELATED(dimAccount[Type]),,,,,,,
,,,,,,,,,,,,,,,,,,,,
,,,,,,,,,,,,,аааааааVAR _Signage =,,,,,,,
,,,,,,,,,,,,,аааааааSWITCH(,,,,,,,
,,,,,,,,,,,,,"аааааааааааTRUE(),",,,,,,,
,,,,,,,,,,,,,"ааааааааааа_AccountType = ""Income"", 1,",,,,,,,
,,,,,,,,,,,,,"ааааааааааа_AccountType = ""Expense"", -1,",,,,,,,
,,,,,,,,,,,,,ааааааааааа1,,,,,,,
,,,,,,,,,,,,,ааааааа),,,,,,,
,,,,,,,,,,,,,,,,,,,,
,,,,,,,,,,,,,аааааааRETURN,,,,,,,
,,,,,,,,,,,,,аааааааfctBudgetPeriodsExt[Amount] * _Signage,,,,,,,
,,,,,,,,,,,,,"ааа),",,,,,,,
,,,,,,,,,,,,,,,,,,,,
,,,,,,,,,,,,,"аааSELECTEDVALUE('Display Units'[Value], 1)",,,,,,,
,,,,,,,,,,,,,),,,,,,,
9db905b3-1555-4fdf-b744-0526515a48f6,,Model,Report Display,[Measures].[Report Display],Report Display,,0,12,65535,-1,,,VAR _Level = [Report Level],TRUE,,Report Display,Report Display,Key Measures,Financial Structured Reports\Display Tools,
,,,,,,,,,,,,,VAR _Scope = [Report Scope],,,,,,,
,,,,,,,,,,,,,VAR _Type = SELECTEDVALUE('Reports'[Type]),,,,,,,
,,,,,,,,,,,,,,,,,,,,
,,,,,,,,,,,,,VAR _Result =,,,,,,,
,,,,,,,,,,,,,SWITCH(,,,,,,,
,,,,,,,,,,,,,"аааTRUE(),",,,,,,,
,,,,,,,,,,,,,,,,,,,,
,,,,,,,,,,,,,"ааа//For ""normal"" rows - check if there is any ""content"" or values to display using [Report Conent]",,,,,,,
,,,,,,,,,,,,,"ааа_Scope <= _Level && _Type = BLANK() && NOT ISBLANK([Report Content]) && [Report Content] <> 0, 1,",,,,,,,
,,,,,,,,,,,,,ааа,,,,,,,
,,,,,,,,,,,,,"ааа_Scope <= _Level && NOT ISBLANK(_Type), 1,",,,,,,,
,,,,,,,,,,,,,"ааа_Type = ""Blank"" && _Scope - _Level = 1, 1",,,,,,,
,,,,,,,,,,,,,,,,,,,,
,,,,,,,,,,,,,),,,,,,,
,,,,,,,,,,,,,,,,,,,,
,,,,,,,,,,,,,RETURN,,,,,,,
,,,,,,,,,,,,,_Result,,,,,,,
9db905b3-1555-4fdf-b744-0526515a48f6,,Model,Opening Balance,[Measures].[Opening Balance],Opening Balance,,0,12,65535,-1,,,VAR _CurrentDate = MIN(dimDate[Date]),TRUE,,Opening Balance,Opening Balance,Key Measures,General Ledger\Balance,"#,0.00"
,,,,,,,,,,,,,,,,,,,,
,,,,,,,,,,,,,VAR _Result =,,,,,,,
,,,,,,,,,,,,,SUMX(,,,,,,,
,,,,,,,,,,,,,аааADDCOLUMNS(,,,,,,,
,,,,,,,,,,,,,аааааааCALCULATETABLE(,,,,,,,
,,,,,,,,,,,,,аааааааааааSUMMARIZE(,,,,,,,
,,,,,,,,,,,,,"аааааааааааааааfctGeneralLedgerBalanceV2Ext,",,,,,,,
,,,,,,,,,,,,,"аааааааааааааааfctGeneralLedgerBalanceV2Ext[FK Account (CD)],",,,,,,,
,,,,,,,,,,,,,"аааааааааааааааfctGeneralLedgerBalanceV2Ext[subaccountId],",,,,,,,
,,,,,,,,,,,,,"ааааааааааааааа""LatestDate"", MAX(fctGeneralLedgerBalanceV2Ext[Date])",,,,,,,
,,,,,,,,,,,,,"ааааааааааа),",,,,,,,
,,,,,,,,,,,,,"аааааааааааREMOVEFILTERS(dimDate),",,,,,,,
,,,,,,,,,,,,,"аааааааааааfctGeneralLedgerBalanceV2Ext[balanceType] = ""Actual"",",,,,,,,
,,,,,,,,,,,,,аааааааааааfctGeneralLedgerBalanceV2Ext[Date] < _CurrentDate,,,,,,,
,,,,,,,,,,,,,"ааааааа),",,,,,,,
,,,,,,,,,,,,,"ааааааа""Amount"",",,,,,,,
,,,,,,,,,,,,,аааааааCALCULATE(,,,,,,,
,,,,,,,,,,,,,"аааааааааааSUM(fctGeneralLedgerBalanceV2Ext[yearToDateBalance]),",,,,,,,
,,,,,,,,,,,,,"аааааааааааREMOVEFILTERS(dimDate),",,,,,,,
,,,,,,,,,,,,,"аааааааааааfctGeneralLedgerBalanceV2Ext[balanceType] = ""Actual"",",,,,,,,
,,,,,,,,,,,,,аааааааааааfctGeneralLedgerBalanceV2Ext[Date] = EARLIER([LatestDate]),,,,,,,
,,,,,,,,,,,,,ааааааа),,,,,,,
,,,,,,,,,,,,,"ааа),",,,,,,,
,,,,,,,,,,,,,ааа[Amount],,,,,,,
,,,,,,,,,,,,,),,,,,,,
,,,,,,,,,,,,,,,,,,,,
,,,,,,,,,,,,,RETURN,,,,,,,
,,,,,,,,,,,,,DIVIDE(,,,,,,,
,,,,,,,,,,,,,"ааа_Result,",,,,,,,
,,,,,,,,,,,,,"аааSELECTEDVALUE('Display Units'[Value], 1)",,,,,,,
,,,,,,,,,,,,,ааа),,,,,,,
9db905b3-1555-4fdf-b744-0526515a48f6,,Model,Ending Balance,[Measures].[Ending Balance],Ending Balance,,0,12,65535,-1,,,[Opening Balance] + [Balance Changes],TRUE,,Ending Balance,Ending Balance,Key Measures,General Ledger\Balance,"#,0.00"
9db905b3-1555-4fdf-b744-0526515a48f6,,Model,Supplier Invoice Balance,[Measures].[Supplier Invoice Balance],Supplier Invoice Balance,,0,12,65535,-1,,,DIVIDE(,TRUE,,Supplier Invoice Balance,Supplier Invoice Balance,Key Measures,Accounts Payable (Suppliers),
,,,,,,,,,,,,,"аааSUM(dimSupplierInvoice[Balance]),",,,,,,,
,,,,,,,,,,,,,"аааSELECTEDVALUE('Display Units'[Value], 1)",,,,,,,
,,,,,,,,,,,,,),,,,,,,
9db905b3-1555-4fdf-b744-0526515a48f6,,Model,Customer Invoice Balance,[Measures].[Customer Invoice Balance],Customer Invoice Balance,,0,12,65535,-1,,,DIVIDE(,TRUE,,Customer Invoice Balance,Customer Invoice Balance,Key Measures,Accounts Receivable (Customers),
,,,,,,,,,,,,,"аааSUM(dimCustomerInvoice[Balance]),",,,,,,,
,,,,,,,,,,,,,"аааSELECTEDVALUE('Display Units'[Value], 1)",,,,,,,
,,,,,,,,,,,,,),,,,,,,
9db905b3-1555-4fdf-b744-0526515a48f6,,Model,Supplier Invoice Total,[Measures].[Supplier Invoice Total],Supplier Invoice Total,,0,12,65535,-1,,,DIVIDE(,TRUE,,Supplier Invoice Total,Supplier Invoice Total,Key Measures,Accounts Payable (Suppliers),
,,,,,,,,,,,,,"аааSUMX(dimSupplierInvoice, dimSupplierInvoice[VatExemptTotal] + dimSupplierInvoice[VatTaxableTotal] + dimSupplierInvoice[VatTotal]),",,,,,,,
,,,,,,,,,,,,,"аааSELECTEDVALUE('Display Units'[Value], 1)",,,,,,,
,,,,,,,,,,,,,),,,,,,,
9db905b3-1555-4fdf-b744-0526515a48f6,,Model,Customer Invoice Total,[Measures].[Customer Invoice Total],Customer Invoice Total,,0,12,65535,-1,,,DIVIDE(,TRUE,,Customer Invoice Total,Customer Invoice Total,Key Measures,Accounts Receivable (Customers),
,,,,,,,,,,,,,"аааSUM(dimCustomerInvoice[Amount]),",,,,,,,
,,,,,,,,,,,,,"аааSELECTEDVALUE('Display Units'[Value], 1)",,,,,,,
,,,,,,,,,,,,,),,,,,,,
9db905b3-1555-4fdf-b744-0526515a48f6,,Model,Supplier Invoice Line Cost,[Measures].[Supplier Invoice Line Cost],Supplier Invoice Line Cost,,0,12,65535,-1,,,DIVIDE(,TRUE,,Supplier Invoice Line Cost,Supplier Invoice Line Cost,Key Measures,Accounts Payable (Suppliers),
,,,,,,,,,,,,,"аааSUM(fctSupplierInvoiceLineExt[Cost]),",,,,,,,
,,,,,,,,,,,,,"аааSELECTEDVALUE('Display Units'[Value], 1)",,,,,,,
,,,,,,,,,,,,,),,,,,,,
9db905b3-1555-4fdf-b744-0526515a48f6,,Model,Customer Invoice Line Amount,[Measures].[Customer Invoice Line Amount],Customer Invoice Line Amount,,0,12,65535,-1,,,DIVIDE(,TRUE,,Customer Invoice Line Amount,Customer Invoice Line Amount,Key Measures,Accounts Receivable (Customers),
,,,,,,,,,,,,,"аааSUM(fctCustomerInvoiceLineExt[Amount]),",,,,,,,
,,,,,,,,,,,,,"аааSELECTEDVALUE('Display Units'[Value], 1)",,,,,,,
,,,,,,,,,,,,,),,,,,,,
9db905b3-1555-4fdf-b744-0526515a48f6,,Model,Balance Changes,[Measures].[Balance Changes],Balance Changes,,0,12,65535,-1,,,DIVIDE(,TRUE,,Balance Changes,Balance Changes,Key Measures,General Ledger\Balance,"#,0.00"
,,,,,,,,,,,,,аааCALCULATE(,,,,,,,
,,,,,,,,,,,,,аааааааSUMX(,,,,,,,
,,,,,,,,,,,,,"аааааааааааfctGeneralLedgerBalanceV2Ext,",,,,,,,
,,,,,,,,,,,,,ааааааааааа,,,,,,,
,,,,,,,,,,,,,аааааааааааVAR _AccountType = RELATED(dimAccount[Type]),,,,,,,
,,,,,,,,,,,,,,,,,,,,
,,,,,,,,,,,,,аааааааааааVAR _Signage =,,,,,,,
,,,,,,,,,,,,,аааааааааааSWITCH(,,,,,,,
,,,,,,,,,,,,,"аааааааааааааааTRUE(),",,,,,,,
,,,,,,,,,,,,,"ааааааааааааааа_AccountType = ""Asset"", 1,",,,,,,,
,,,,,,,,,,,,,"ааааааааааааааа_AccountType = ""Liability"", -1,",,,,,,,
,,,,,,,,,,,,,ааааааааааааааа1,,,,,,,
,,,,,,,,,,,,,ааааааааааа),,,,,,,
,,,,,,,,,,,,,,,,,,,,
,,,,,,,,,,,,,аааааааааааRETURN,,,,,,,
,,,,,,,,,,,,,аааааааааааfctGeneralLedgerBalanceV2Ext[periodToDateAmount] * _Signage,,,,,,,
,,,,,,,,,,,,,"ааааааа),",,,,,,,
,,,,,,,,,,,,,"аааааааfctGeneralLedgerBalanceV2Ext[balanceType] = ""Actual""",,,,,,,
,,,,,,,,,,,,,"ааа),",,,,,,,
,,,,,,,,,,,,,"аааSELECTEDVALUE('Display Units'[Value], 1)",,,,,,,
,,,,,,,,,,,,,),,,,,,,
9db905b3-1555-4fdf-b744-0526515a48f6,,Model,General Ledger Amount (YTD),[Measures].[General Ledger Amount (YTD)],General Ledger Amount (YTD),,0,12,65535,-1,,,VAR _Value =,TRUE,,General Ledger Amount (YTD),General Ledger Amount (YTD),Key Measures,General Ledger\Time Intelligence\Year to Date,"#,0.00"
,,,,,,,,,,,,,CALCULATE(,,,,,,,
,,,,,,,,,,,,,"ааа[General Ledger Amount],",,,,,,,
,,,,,,,,,,,,,аааDATESYTD('dimDate'[Date]),,,,,,,
,,,,,,,,,,,,,),,,,,,,
,,,,,,,,,,,,,,,,,,,,
,,,,,,,,,,,,,RETURN,,,,,,,
,,,,,,,,,,,,,"IF(SELECTEDVALUE('dimDate'[IsAfterToday]),BLANK(),_Value)",,,,,,,
9db905b3-1555-4fdf-b744-0526515a48f6,,Model,General Ledger Amount (YTD LY),[Measures].[General Ledger Amount (YTD LY)],General Ledger Amount (YTD LY),,0,12,65535,-1,,,CALCULATE(,TRUE,,General Ledger Amount (YTD LY),General Ledger Amount (YTD LY),Key Measures,General Ledger\Time Intelligence\Year to Date,
,,,,,,,,,,,,,"ааа[General Ledger Amount],",,,,,,,
,,,,,,,,,,,,,аааSAMEPERIODLASTYEAR(,,,,,,,
,,,,,,,,,,,,,аааааааDATESYTD('dimDate'[Date]),,,,,,,
,,,,,,,,,,,,,ааааааа),,,,,,,
,,,,,,,,,,,,,),,,,,,,
9db905b3-1555-4fdf-b744-0526515a48f6,,Model,General Ledger Amount (YTD) (Today),[Measures].[General Ledger Amount (YTD) (Today)],General Ledger Amount (YTD) (Today),,0,12,65535,-1,,,VAR _Value = [General Ledger Amount (YTD)],TRUE,,General Ledger Amount (YTD) (Today),General Ledger Amount (YTD) (Today),Key Measures,General Ledger\Time Intelligence\Year to Date,
,,,,,,,,,,,,,,,,,,,,
,,,,,,,,,,,,,RETURN,,,,,,,
,,,,,,,,,,,,,"IF(MIN('dimDate'[Relative Day]) = 0, _Value)",,,,,,,
9db905b3-1555-4fdf-b744-0526515a48f6,,Model,General Ledger Amount (LY),[Measures].[General Ledger Amount (LY)],General Ledger Amount (LY),,0,12,65535,-1,,,CALCULATE(,TRUE,,General Ledger Amount (LY),General Ledger Amount (LY),Key Measures,General Ledger\Time Intelligence\Last Year,"#,0.00"
,,,,,,,,,,,,,"ааа[General Ledger Amount],",,,,,,,
,,,,,,,,,,,,,"аааDATEADD(dimDate[Date], -1, YEAR)",,,,,,,
,,,,,,,,,,,,,),,,,,,,
9db905b3-1555-4fdf-b744-0526515a48f6,,Model,Budget Amount (YTD),[Measures].[Budget Amount (YTD)],Budget Amount (YTD),,0,12,65535,-1,,,VAR _Value =,TRUE,,Budget Amount (YTD),Budget Amount (YTD),Key Measures,Budget\Time Intelligence\Year to Date,
,,,,,,,,,,,,,CALCULATE(,,,,,,,
,,,,,,,,,,,,,"ааа[Budget Amount],",,,,,,,
,,,,,,,,,,,,,аааDATESYTD('dimDate'[Date]),,,,,,,
,,,,,,,,,,,,,),,,,,,,
,,,,,,,,,,,,,,,,,,,,
,,,,,,,,,,,,,RETURN,,,,,,,
,,,,,,,,,,,,,"IF(SELECTEDVALUE('dimDate'[IsAfterToday]),BLANK(),_Value)",,,,,,,
9db905b3-1555-4fdf-b744-0526515a48f6,,Model,# of Customer Invoices,[Measures].[# of Customer Invoices],# of Customer Invoices,,0,12,65535,-1,,,DISTINCTCOUNT(dimCustomerInvoice[ReferenceNumber]),TRUE,,# of Customer Invoices,# of Customer Invoices,Key Measures,Accounts Receivable (Customers),0
9db905b3-1555-4fdf-b744-0526515a48f6,,Model,# of Supplier Invoices,[Measures].[# of Supplier Invoices],# of Supplier Invoices,,0,12,65535,-1,,,DISTINCTCOUNT(dimSupplierInvoice[ReferenceNumber]),TRUE,,# of Supplier Invoices,# of Supplier Invoices,Key Measures,Accounts Payable (Suppliers),0
9db905b3-1555-4fdf-b744-0526515a48f6,,Model,ColumnSeparator,[Measures].[ColumnSeparator],ColumnSeparator,,0,12,65535,-1,,,UNICHAR(8200),TRUE,,ColumnSeparator,ColumnSeparator,Key Measures,Utilities,
9db905b3-1555-4fdf-b744-0526515a48f6,,Model,General Ledger Amount YoY (YTD),[Measures].[General Ledger Amount YoY (YTD)],General Ledger Amount YoY (YTD),,0,12,65535,-1,,,VAR CY = [General Ledger Amount (YTD)],TRUE,,General Ledger Amount YoY (YTD),General Ledger Amount YoY (YTD),Key Measures,General Ledger\Time Intelligence\Year to Date,
,,,,,,,,,,,,,,,,,,,,
,,,,,,,,,,,,,VAR LY = [General Ledger Amount (YTD LY)],,,,,,,
,,,,,,,,,,,,,,,,,,,,
,,,,,,,,,,,,,RETURN,,,,,,,
,,,,,,,,,,,,,IF(,,,,,,,
,,,,,,,,,,,,,"аааCY && LY,",,,,,,,
,,,,,,,,,,,,,аааCY - LY,,,,,,,
,,,,,,,,,,,,,),,,,,,,
9db905b3-1555-4fdf-b744-0526515a48f6,,Model,General Ledger Amount YoY % (YTD),[Measures].[General Ledger Amount YoY % (YTD)],General Ledger Amount YoY % (YTD),,0,12,65535,-1,,,VAR _Current = [General Ledger Amount (YTD)],TRUE,,General Ledger Amount YoY % (YTD),General Ledger Amount YoY % (YTD),Key Measures,General Ledger\Time Intelligence\Year to Date,0.00%;-0.00%;0.00%
,,,,,,,,,,,,,VAR _Previous = [General Ledger Amount (YTD LY)],,,,,,,
,,,,,,,,,,,,,VAR _Change = _Current - _Previous,,,,,,,
,,,,,,,,,,,,,,,,,,,,
,,,,,,,,,,,,,RETURN,,,,,,,
,,,,,,,,,,,,,IF(,,,,,,,
,,,,,,,,,,,,,"ааа_Current && _Previous,",,,,,,,
,,,,,,,,,,,,,аааDIVIDE(,,,,,,,
,,,,,,,,,,,,,"ааааааа_Change,",,,,,,,
,,,,,,,,,,,,,аааааааABS(_Previous),,,,,,,
,,,,,,,,,,,,,ааааааа),,,,,,,
,,,,,,,,,,,,,),,,,,,,
9db905b3-1555-4fdf-b744-0526515a48f6,,Model,Budget Variance,[Measures].[Budget Variance],Budget Variance,,0,12,65535,-1,,,VAR _Actuals = [General Ledger Amount],TRUE,,Budget Variance,Budget Variance,Key Measures,Budget,
,,,,,,,,,,,,,,,,,,,,
,,,,,,,,,,,,,VAR _Budget = [Budget Amount],,,,,,,
,,,,,,,,,,,,,,,,,,,,
,,,,,,,,,,,,,RETURN,,,,,,,
,,,,,,,,,,,,,IF(,,,,,,,
,,,,,,,,,,,,,"ааа_Actuals || _Budget,",,,,,,,
,,,,,,,,,,,,,ааа_Actuals - _Budget,,,,,,,
,,,,,,,,,,,,,),,,,,,,
9db905b3-1555-4fdf-b744-0526515a48f6,,Model,Budget Variance %,[Measures].[Budget Variance %],Budget Variance %,,0,12,65535,-1,,,VAR _Actuals = [General Ledger Amount],TRUE,,Budget Variance %,Budget Variance %,Key Measures,Budget,0.00%;-0.00%;0.00%
,,,,,,,,,,,,,,,,,,,,
,,,,,,,,,,,,,VAR _Budget = [Budget Amount],,,,,,,
,,,,,,,,,,,,,,,,,,,,
,,,,,,,,,,,,,RETURN,,,,,,,
,,,,,,,,,,,,,IF(,,,,,,,
,,,,,,,,,,,,,"ааа_Actuals && _Budget,",,,,,,,
,,,,,,,,,,,,,"аааDIVIDE(_Actuals, _Budget) - 1",,,,,,,
,,,,,,,,,,,,,),,,,,,,
9db905b3-1555-4fdf-b744-0526515a48f6,,Model,# of Suppliers,[Measures].[# of Suppliers],# of Suppliers,,0,12,65535,-1,,,DISTINCTCOUNT(dimSupplierInvoice[SupplierNumber]),TRUE,,# of Suppliers,# of Suppliers,Key Measures,Accounts Payable (Suppliers),
9db905b3-1555-4fdf-b744-0526515a48f6,,Model,# of Customers,[Measures].[# of Customers],# of Customers,,0,12,65535,-1,,,DISTINCTCOUNT(dimCustomerInvoice[CustomerNumber]),TRUE,,# of Customers,# of Customers,Key Measures,Accounts Receivable (Customers),
9db905b3-1555-4fdf-b744-0526515a48f6,,Model,AccountRangeShort,[Measures].[AccountRangeShort],AccountRangeShort,,0,12,65535,-1,,,"MIN(dimAccount[AccountCD]) & "" - "" & MAX(dimAccount[AccountCD])",TRUE,,AccountRangeShort,AccountRangeShort,Key Measures,Utilities,
9db905b3-1555-4fdf-b744-0526515a48f6,,Model,General Ledger Amount YoY,[Measures].[General Ledger Amount YoY],General Ledger Amount YoY,,0,12,65535,-1,,,VAR CY = [General Ledger Amount],TRUE,,General Ledger Amount YoY,General Ledger Amount YoY,Key Measures,General Ledger\Time Intelligence\Last Year,"#,0"
,,,,,,,,,,,,,,,,,,,,
,,,,,,,,,,,,,VAR LY = [General Ledger Amount (LY)],,,,,,,
,,,,,,,,,,,,,,,,,,,,
,,,,,,,,,,,,,RETURN,,,,,,,
,,,,,,,,,,,,,IF(,,,,,,,
,,,,,,,,,,,,,"аааCY && LY,",,,,,,,
,,,,,,,,,,,,,аааCY - LY,,,,,,,
,,,,,,,,,,,,,),,,,,,,
9db905b3-1555-4fdf-b744-0526515a48f6,,Model,AccountRangeLong,[Measures].[AccountRangeLong],AccountRangeLong,,0,12,65535,-1,,,"VAR _Language = SELECTEDVALUE('Language'[Value], ""ENG"")",TRUE,,AccountRangeLong,AccountRangeLong,Key Measures,Utilities,
,,,,,,,,,,,,,,,,,,,,
,,,,,,,,,,,,,VAR _Text =,,,,,,,
,,,,,,,,,,,,,SWITCH(,,,,,,,
,,,,,,,,,,,,,"аааTRUE(),",,,,,,,
,,,,,,,,,,,,,"ааа_Language = ""NOR"", ""Konto"",",,,,,,,
,,,,,,,,,,,,,"ааа""Accounts""",,,,,,,
,,,,,,,,,,,,,),,,,,,,
,,,,,,,,,,,,,,,,,,,,
,,,,,,,,,,,,,RETURN,,,,,,,
,,,,,,,,,,,,,"_Text & "": "" & MIN(dimAccount[AccountCD]) & "" - "" & MAX(dimAccount[AccountCD])",,,,,,,
9db905b3-1555-4fdf-b744-0526515a48f6,,Model,Supplier Invoice % of Total,[Measures].[Supplier Invoice % of Total],Supplier Invoice % of Total,,0,12,65535,-1,,,DIVIDE(,TRUE,,Supplier Invoice % of Total,Supplier Invoice % of Total,Key Measures,Accounts Payable (Suppliers),0.00%;-0.00%;0.00%
,,,,,,,,,,,,,"ааа[Supplier Invoice Total],",,,,,,,
,,,,,,,,,,,,,"аааCALCULATE([Supplier Invoice Total], ALL(dimSupplier))",,,,,,,
,,,,,,,,,,,,,),,,,,,,
9db905b3-1555-4fdf-b744-0526515a48f6,,Model,Customer Invoice % of Total,[Measures].[Customer Invoice % of Total],Customer Invoice % of Total,,0,12,65535,-1,,,DIVIDE(,TRUE,,Customer Invoice % of Total,Customer Invoice % of Total,Key Measures,Accounts Receivable (Customers),0.00%;-0.00%;0.00%
,,,,,,,,,,,,,"ааа[Customer Invoice Total],",,,,,,,
,,,,,,,,,,,,,"аааCALCULATE([Customer Invoice Total], ALL(dimCustomer))",,,,,,,
,,,,,,,,,,,,,),,,,,,,
9db905b3-1555-4fdf-b744-0526515a48f6,,Model,Report Level,[Measures].[Report Level],Report Level,,0,12,65535,-1,,,MAX(Reports[Level]),TRUE,,Report Level,Report Level,Key Measures,Financial Structured Reports\Display Tools,
9db905b3-1555-4fdf-b744-0526515a48f6,,Model,Report Scope,[Measures].[Report Scope],Report Scope,,0,12,65535,-1,,,ISINSCOPE('Reports'[Level1]) +,TRUE,,Report Scope,Report Scope,Key Measures,Financial Structured Reports\Display Tools,
,,,,,,,,,,,,,ISINSCOPE('Reports'[Level2]) +,,,,,,,
,,,,,,,,,,,,,ISINSCOPE('Reports'[Level3]) +,,,,,,,
,,,,,,,,,,,,,ISINSCOPE('Reports'[Level4]) +,,,,,,,
,,,,,,,,,,,,,ISINSCOPE('Reports'[Level5]) +,,,,,,,
,,,,,,,,,,,,,ISINSCOPE('Reports'[Level6]) +,,,,,,,
,,,,,,,,,,,,,ISINSCOPE(dimAccount[Account]),,,,,,,
9db905b3-1555-4fdf-b744-0526515a48f6,,Model,Report Title,[Measures].[Report Title],Report Title,,0,12,65535,-1,,,VAR _Scope = [Report Scope],TRUE,,Report Title,Report Title,Key Measures,Financial Structured Reports\Display Tools,
,,,,,,,,,,,,,VAR _Display = [Report Display],,,,,,,
,,,,,,,,,,,,,,,,,,,,
,,,,,,,,,,,,,,,,,,,,
,,,,,,,,,,,,,VAR _Result =,,,,,,,
,,,,,,,,,,,,,SWITCH(,,,,,,,
,,,,,,,,,,,,,"аааTRUE(),",,,,,,,
,,,,,,,,,,,,,"ааа_Display = 1 && ISINSCOPE(dimAccount[Account]) = FALSE(),",,,,,,,
,,,,,,,,,,,,,аааааааSWITCH(,,,,,,,
,,,,,,,,,,,,,"аааааааааааTRUE(),",,,,,,,
,,,,,,,,,,,,,"ааааааааааа_Scope = 1, SELECTEDVALUE(Reports[Level1]),",,,,,,,
,,,,,,,,,,,,,"ааааааааааа_Scope = 2, REPT(UNICHAR(8200), 5) & SELECTEDVALUE(Reports[Level2]),",,,,,,,
,,,,,,,,,,,,,"ааааааааааа_Scope = 3, REPT(UNICHAR(8200), 10) & SELECTEDVALUE(Reports[Level3]),",,,,,,,
,,,,,,,,,,,,,"ааааааааааа_Scope = 4, REPT(UNICHAR(8200), 15) & SELECTEDVALUE(Reports[Level4]),",,,,,,,
,,,,,,,,,,,,,"ааааааааааа_Scope = 5, REPT(UNICHAR(8200), 20) & SELECTEDVALUE(Reports[Level5]),",,,,,,,
,,,,,,,,,,,,,"ааааааааааа_Scope = 6, REPT(UNICHAR(8200), 25) & SELECTEDVALUE(Reports[Level6])",,,,,,,
,,,,,,,,,,,,,"ааааааа),",,,,,,,
,,,,,,,,,,,,,"аааISINSCOPE(dimAccount[Account]) && NOT ISBLANK([Report Content]) && ISBLANK(SELECTEDVALUE(Reports[Type])), REPT(UNICHAR(8200), _Scope * 5 ) & SELECTEDVALUE(dimAccount[Account])",,,,,,,
,,,,,,,,,,,,,),,,,,,,
,,,,,,,,,,,,,,,,,,,,
,,,,,,,,,,,,,RETURN,,,,,,,
,,,,,,,,,,,,,_Result,,,,,,,
9db905b3-1555-4fdf-b744-0526515a48f6,,Model,Budget Variance (YTD),[Measures].[Budget Variance (YTD)],Budget Variance (YTD),,0,12,65535,-1,,,VAR _Value =,TRUE,,Budget Variance (YTD),Budget Variance (YTD),Key Measures,Budget\Time Intelligence\Year to Date,
,,,,,,,,,,,,,CALCULATE(,,,,,,,
,,,,,,,,,,,,,"ааа[Budget Variance],",,,,,,,
,,,,,,,,,,,,,аааDATESYTD('dimDate'[Date]),,,,,,,
,,,,,,,,,,,,,),,,,,,,
,,,,,,,,,,,,,,,,,,,,
,,,,,,,,,,,,,RETURN,,,,,,,
,,,,,,,,,,,,,"IF(SELECTEDVALUE('dimDate'[IsAfterToday]),BLANK(),_Value)",,,,,,,
9db905b3-1555-4fdf-b744-0526515a48f6,,Model,% of Sales,[Measures].[% of Sales],% of Sales,,0,12,65535,-1,,,VAR _Revenue =,TRUE,,% of Sales,% of Sales,Key Measures,General Ledger\Other,0.00%;-0.00%;0.00%
,,,,,,,,,,,,,CALCULATE(,,,,,,,
,,,,,,,,,,,,,"ааа[General Ledger Amount],",,,,,,,
,,,,,,,,,,,,,"аааREMOVEFILTERS(),",,,,,,,
,,,,,,,,,,,,,"аааKEEPFILTERS(dimDate),",,,,,,,
,,,,,,,,,,,,,аааdimAccount[AccountCD] >= 3000 && dimAccount[AccountCD] <= 3999,,,,,,,
,,,,,,,,,,,,,),,,,,,,
,,,,,,,,,,,,,,,,,,,,
,,,,,,,,,,,,,RETURN,,,,,,,
,,,,,,,,,,,,,"DIVIDE([General Ledger Amount], _Revenue)",,,,,,,
9db905b3-1555-4fdf-b744-0526515a48f6,,Model,Budget Variance % (YTD),[Measures].[Budget Variance % (YTD)],Budget Variance % (YTD),,0,12,65535,-1,,,VAR _Current = [General Ledger Amount (YTD)],TRUE,,Budget Variance % (YTD),Budget Variance % (YTD),Key Measures,Budget\Time Intelligence\Year to Date,0.00%;-0.00%;0.00%
,,,,,,,,,,,,,VAR _Previous = [Budget Amount (YTD)],,,,,,,
,,,,,,,,,,,,,VAR _Change = _Current - _Previous,,,,,,,
,,,,,,,,,,,,,,,,,,,,
,,,,,,,,,,,,,RETURN,,,,,,,
,,,,,,,,,,,,,IF(,,,,,,,
,,,,,,,,,,,,,"ааа_Current && _Previous,",,,,,,,
,,,,,,,,,,,,,аааDIVIDE(,,,,,,,
,,,,,,,,,,,,,"ааааааа_Change,",,,,,,,
,,,,,,,,,,,,,аааааааABS(_Previous),,,,,,,
,,,,,,,,,,,,,ааааааа),,,,,,,
,,,,,,,,,,,,,),,,,,,,
9db905b3-1555-4fdf-b744-0526515a48f6,,Model,Number of Transactions,[Measures].[Number of Transactions],Number of Transactions,,0,12,65535,-1,,,COUNT(fctGeneralLedgerTransactionsExt[LedgerId]),TRUE,,Number of Transactions,Number of Transactions,Key Measures,General Ledger\Other,"#,0"
9db905b3-1555-4fdf-b744-0526515a48f6,,Model,Dataset Refresh,[Measures].[Dataset Refresh],Dataset Refresh,,0,12,65535,-1,,,VAR _Language = [Language],TRUE,,Dataset Refresh,Dataset Refresh,Key Measures,Utilities,
,,,,,,,,,,,,,VAR _Locale = [Locale String],,,,,,,
,,,,,,,,,,,,,,,,,,,,
,,,,,,,,,,,,,VAR _Text =,,,,,,,
,,,,,,,,,,,,,SWITCH(,,,,,,,
,,,,,,,,,,,,,"аааTRUE(),",,,,,,,
,,,,,,,,,,,,,"ааа_Language = ""NOR"", ""Oppdatert: "",",,,,,,,
,,,,,,,,,,,,,"ааа""Updated: """,,,,,,,
,,,,,,,,,,,,,),,,,,,,
,,,,,,,,,,,,,,,,,,,,
,,,,,,,,,,,,,VAR _Date =,,,,,,,
,,,,,,,,,,,,,CALCULATE(,,,,,,,
,,,,,,,,,,,,,ааааFORMAT(,,,,,,,
,,,,,,,,,,,,,"аааааааMAX(TimeStampLog[LatestRuntime]),",,,,,,,
,,,,,,,,,,,,,"ааааааа""dddd dd-mmm-yyyy hh:mm"",",,,,,,,
,,,,,,,,,,,,,ааааааа[Locale String],,,,,,,
,,,,,,,,,,,,,"аааа),",,,,,,,
,,,,,,,,,,,,,"ааааTimeStampLog[TableName] = ""GeneralLedgerTransactionsExt""",,,,,,,
,,,,,,,,,,,,,аааа),,,,,,,
,,,,,,,,,,,,,,,,,,,,
,,,,,,,,,,,,,RETURN,,,,,,,
,,,,,,,,,,,,,_Text & _Date,,,,,,,
9db905b3-1555-4fdf-b744-0526515a48f6,,Model,Balance Changes 2,[Measures].[Balance Changes 2],Balance Changes 2,,0,12,65535,-1,,,DIVIDE(,TRUE,,Balance Changes 2,Balance Changes 2,Key Measures,General Ledger\Balance,
,,,,,,,,,,,,,аааCALCULATE(,,,,,,,
,,,,,,,,,,,,,"аааааааSUM(fctGeneralLedgerBalanceV2Ext[periodToDateAmount]),",,,,,,,
,,,,,,,,,,,,,"аааааааfctGeneralLedgerBalanceV2Ext[balanceType] = ""Actual""",,,,,,,
,,,,,,,,,,,,,"ааа),",,,,,,,
,,,,,,,,,,,,,"аааSELECTEDVALUE('Display Units'[Value], 1)",,,,,,,
,,,,,,,,,,,,,),,,,,,,
9db905b3-1555-4fdf-b744-0526515a48f6,,Model,Opening Balance 2,[Measures].[Opening Balance 2],Opening Balance 2,,0,12,65535,-1,,,SUMX(,TRUE,,Opening Balance 2,Opening Balance 2,Key Measures,General Ledger\Balance,
,,,,,,,,,,,,,аааADDCOLUMNS(,,,,,,,
,,,,,,,,,,,,,аааааааааааSUMMARIZE(,,,,,,,
,,,,,,,,,,,,,"аааааааааааdimAccount,",,,,,,,
,,,,,,,,,,,,,"аааааааааааdimAccount[PK Account (CD)],",,,,,,,
,,,,,,,,,,,,,аааааааааааdimAccount[Type],,,,,,,
,,,,,,,,,,,,,"ааааааааааа),",,,,,,,
,,,,,,,,,,,,,"ааааааа""Amount"",",,,,,,,
,,,,,,,,,,,,,аааааааSWITCH(,,,,,,,
,,,,,,,,,,,,,"аааааааааааTRUE(),",,,,,,,
,,,,,,,,,,,,,"аааааааааааdimAccount[Type] = ""Asset"", [Opening Balance],",,,,,,,
,,,,,,,,,,,,,"аааааааааааdimAccount[Type] = ""Liability"", [Opening Balance] * -1,",,,,,,,
,,,,,,,,,,,,,ааааааааааа[Opening Balance],,,,,,,
,,,,,,,,,,,,,ааааааааааа),,,,,,,
,,,,,,,,,,,,,"ааа),",,,,,,,
,,,,,,,,,,,,,ааа[Amount],,,,,,,
,,,,,,,,,,,,,),,,,,,,
9db905b3-1555-4fdf-b744-0526515a48f6,,Model,Ending Balance 2,[Measures].[Ending Balance 2],Ending Balance 2,,0,12,65535,-1,,,[Opening Balance 2] + [Balance Changes 2],TRUE,,Ending Balance 2,Ending Balance 2,Key Measures,General Ledger\Balance,
9db905b3-1555-4fdf-b744-0526515a48f6,,Model,GL Amt vs. Balance Changes,[Measures].[GL Amt vs. Balance Changes],GL Amt vs. Balance Changes,,0,12,65535,-1,,,[General Ledger Amount] - [Balance Changes 2],TRUE,,GL Amt vs. Balance Changes,GL Amt vs. Balance Changes,Key Measures,General Ledger\Other,
9db905b3-1555-4fdf-b744-0526515a48f6,,Model,Number of Transactions (Text),[Measures].[Number of Transactions (Text)],Number of Transactions (Text),,0,12,65535,-1,,,"FORMAT([Number of Transactions] + 0, 0) & "" transactions""",TRUE,,Number of Transactions (Text),Number of Transactions (Text),Key Measures,General Ledger\Other,
9db905b3-1555-4fdf-b744-0526515a48f6,,Model,Report Content,[Measures].[Report Content],Report Content,,0,12,65535,-1,,,VAR _Accounts = MAX( Accounts[AccountNo] ),TRUE,,Report Content,Report Content,Key Measures,Financial Structured Reports\Display Tools,
,,,,,,,,,,,,,,,,,,,,
,,,,,,,,,,,,,RETURN,,,,,,,
,,,,,,,,,,,,,SWITCH(,,,,,,,
,,,,,,,,,,,,,"аааTRUE(),",,,,,,,
,,,,,,,,,,,,,"аааNOT ISBLANK(_Accounts) && _Accounts < 3000, [Ending Balance],",,,,,,,
,,,,,,,,,,,,,"аааNOT ISBLANK(_Accounts) && _Accounts >= 3000, CALCULATE( ( [General Ledger Amount] + [Budget Amount] ), REMOVEFILTERS(dimDate), dimDate[Relative Year] = 0 || dimDate[Relative Year] = -1 || dimDate[Relative Year] = 1)",,,,,,,
,,,,,,,,,,,,,),,,,,,,
9db905b3-1555-4fdf-b744-0526515a48f6,,Model,Customer Invoice Balance (Due Date),[Measures].[Customer Invoice Balance (Due Date)],Customer Invoice Balance (Due Date),,0,12,65535,-1,,,CALCULATE(,TRUE,,Customer Invoice Balance (Due Date),Customer Invoice Balance (Due Date),Key Measures,Accounts Receivable (Customers),
,,,,,,,,,,,,,"ааа[Customer Invoice Balance],",,,,,,,
,,,,,,,,,,,,,"аааUSERELATIONSHIP(dimDate[Date], dimCustomerInvoice[DocumentDueDate])",,,,,,,
,,,,,,,,,,,,,),,,,,,,
9db905b3-1555-4fdf-b744-0526515a48f6,,Model,Supplier Invoice Balance (Due Date),[Measures].[Supplier Invoice Balance (Due Date)],Supplier Invoice Balance (Due Date),,0,12,65535,-1,,,CALCULATE(,TRUE,,Supplier Invoice Balance (Due Date),Supplier Invoice Balance (Due Date),Key Measures,Accounts Payable (Suppliers),
,,,,,,,,,,,,,"ааа[Supplier Invoice Balance],",,,,,,,
,,,,,,,,,,,,,"аааUSERELATIONSHIP(dimDate[Date], dimSupplierInvoice[DueDate])",,,,,,,
,,,,,,,,,,,,,),,,,,,,
9db905b3-1555-4fdf-b744-0526515a48f6,,Model,GL Web Link - Visma.net,[Measures].[GL Web Link - Visma.net],GL Web Link - Visma.net,,0,20,65535,-1,,,"VAR _VNET_CompanyID = MIN(DataflowParameters[VNET_CompanyID]) //Get this value from the ""DataflowParameters table""",TRUE,,GL Web Link - Visma.net,GL Web Link - Visma.net,Key Measures,General Ledger,
,,,,,,,,,,,,,VAR _Module = MIN(fctGeneralLedgerTransactionsExt[Module]),,,,,,,
,,,,,,,,,,,,,"VAR _BatchNumber = FORMAT( MIN(fctGeneralLedgerTransactionsExt[BatchNumber]), ""000000"" ) // Add leading zeros to the batch number stored as an int",,,,,,,
,,,,,,,,,,,,,,,,,,,,
,,,,,,,,,,,,,RETURN,,,,,,,
,,,,,,,,,,,,,IF(,,,,,,,
,,,,,,,,,,,,,"аааHASONEVALUE(fctGeneralLedgerTransactionsExt[BatchNumber]),",,,,,,,
,,,,,,,,,,,,,"ааа""https://finance.visma.net/1011011001/Main?CompanyID="" & _VNET_CompanyID & ""&ScreenId=GL301000&Module="" & _Module & ""&BatchNbr="" & _BatchNumber,",,,,,,,
,,,,,,,,,,,,,"ааа""Select a batch number""",,,,,,,
,,,,,,,,,,,,,ааа),,,,,,,
9db905b3-1555-4fdf-b744-0526515a48f6,,Model,Language,[Measures].[Language],Language,,0,12,65535,-1,,,"SELECTEDVALUE('Language'[Value], ""ENG"")",TRUE,,Language,Language,Key Measures,Utilities,
9db905b3-1555-4fdf-b744-0526515a48f6,,Model,Locale String,[Measures].[Locale String],Locale String,,0,12,65535,-1,,,VAR _Language = [Language],TRUE,,Locale String,Locale String,Key Measures,Utilities,
,,,,,,,,,,,,,,,,,,,,
,,,,,,,,,,,,,RETURN,,,,,,,
,,,,,,,,,,,,,SWITCH(,,,,,,,
,,,,,,,,,,,,,"аааTRUE(),",,,,,,,
,,,,,,,,,,,,,"ааа_Language = ""NOR"", ""nb-NO"",",,,,,,,
,,,,,,,,,,,,,"ааа_Language = ""SWE"", ""sv-SE"",",,,,,,,
,,,,,,,,,,,,,"ааа_Language = ""DNK"", ""da-DK"",",,,,,,,
,,,,,,,,,,,,,"ааа""en-US""",,,,,,,
,,,,,,,,,,,,,),,,,,,,
9db905b3-1555-4fdf-b744-0526515a48f6,,Model,UserPrincipalName,[Measures].[UserPrincipalName],UserPrincipalName,,0,12,65535,-1,,,USERPRINCIPALNAME(),TRUE,,UserPrincipalName,UserPrincipalName,Key Measures,Utilities,
9db905b3-1555-4fdf-b744-0526515a48f6,,Model,Title - P&L YTD,[Measures].[Title - P&L YTD],Title - P&L YTD,,0,12,65535,-1,,,"VAR _Language = SELECTEDVALUE('Language'[Value], ""ENG"")",TRUE,,Title - P&L YTD,Title - P&L YTD,Titles and Labels,Titles & Subtitles,
,,,,,,,,,,,,,,,,,,,,
,,,,,,,,,,,,,VAR _Text =,,,,,,,
,,,,,,,,,,,,,SWITCH(,,,,,,,
,,,,,,,,,,,,,"аааTRUE(),",,,,,,,
,,,,,,,,,,,,,"ааа_Language = ""NOR"", ""Resultat HI┼"",",,,,,,,
,,,,,,,,,,,,,"ааа""Profit and Loss YTD""",,,,,,,
,,,,,,,,,,,,,),,,,,,,
,,,,,,,,,,,,,,,,,,,,
,,,,,,,,,,,,,VAR _Text2 =,,,,,,,
,,,,,,,,,,,,,SWITCH(,,,,,,,
,,,,,,,,,,,,,"аааTRUE(),",,,,,,,
,,,,,,,,,,,,,"ааа_Language = ""NOR"", "" & Budsjett)"",",,,,,,,
,,,,,,,,,,,,,"ааа"" & Budget)""",,,,,,,
,,,,,,,,,,,,,),,,,,,,
,,,,,,,,,,,,,,,,,,,,
,,,,,,,,,,,,,VAR _Year = SELECTEDVALUE(dimDate[Year]),,,,,,,
,,,,,,,,,,,,,,,,,,,,
,,,,,,,,,,,,,RETURN,,,,,,,
,,,,,,,,,,,,,"_Text & "" ("" & _Year & "" vs. "" & _Year - 1 & _Text2",,,,,,,
9db905b3-1555-4fdf-b744-0526515a48f6,,Model,Title - P&L per Month,[Measures].[Title - P&L per Month],Title - P&L per Month,,0,12,65535,-1,,,"VAR _Language = SELECTEDVALUE('Language'[Value], ""ENG"")",TRUE,,Title - P&L per Month,Title - P&L per Month,Titles and Labels,Titles & Subtitles,
,,,,,,,,,,,,,,,,,,,,
,,,,,,,,,,,,,VAR _Text =,,,,,,,
,,,,,,,,,,,,,SWITCH(,,,,,,,
,,,,,,,,,,,,,"аааTRUE(),",,,,,,,
,,,,,,,,,,,,,"ааа_Language = ""NOR"", ""Resultat per mхned"",",,,,,,,
,,,,,,,,,,,,,"ааа""Monthly Profit and Loss""",,,,,,,
,,,,,,,,,,,,,),,,,,,,
,,,,,,,,,,,,,,,,,,,,
,,,,,,,,,,,,,VAR _Text2 =,,,,,,,
,,,,,,,,,,,,,SWITCH(,,,,,,,
,,,,,,,,,,,,,"аааTRUE(),",,,,,,,
,,,,,,,,,,,,,"ааа_Language = ""NOR"", "" & Budsjett)"",",,,,,,,
,,,,,,,,,,,,,"ааа"" & Budget)""",,,,,,,
,,,,,,,,,,,,,),,,,,,,
,,,,,,,,,,,,,,,,,,,,
,,,,,,,,,,,,,VAR _Year = SELECTEDVALUE(dimDate[Year]),,,,,,,
,,,,,,,,,,,,,,,,,,,,
,,,,,,,,,,,,,RETURN,,,,,,,
,,,,,,,,,,,,,"_Text & "" ("" & _Year & "" vs. "" & _Year - 1 & _Text2",,,,,,,
9db905b3-1555-4fdf-b744-0526515a48f6,,Model,#RL - General Ledger Amount YoY (YTD),[Measures].[#RL - General Ledger Amount YoY (YTD)],#RL - General Ledger Amount YoY (YTD),,0,12,65535,-1,,,"VAR _Measure = [General Ledger Amount YoY (YTD)] * SELECTEDVALUE('Display Units'[Value], 1)",TRUE,,#RL - General Ledger Amount YoY (YTD),#RL - General Ledger Amount YoY (YTD),Titles and Labels,Reference Labels,
,,,,,,,,,,,,,,,,,,,,
,,,,,,,,,,,,,VAR _Value =,,,,,,,
,,,,,,,,,,,,,CALCULATE(,,,,,,,
,,,,,,,,,,,,,"аааMAX('Display Units'[Value]),",,,,,,,
,,,,,,,,,,,,,"аааREMOVEFILTERS('Display Units'),",,,,,,,
,,,,,,,,,,,,,ааа'Display Units'[Value] <= ABS(_Measure),,,,,,,
,,,,,,,,,,,,,),,,,,,,
,,,,,,,,,,,,,,,,,,,,
,,,,,,,,,,,,,VAR _Format =,,,,,,,
,,,,,,,,,,,,,CALCULATE(,,,,,,,
,,,,,,,,,,,,,"аааSELECTEDVALUE('Display Units'[Format String]),",,,,,,,
,,,,,,,,,,,,,"аааREMOVEFILTERS('Display Units'),",,,,,,,
,,,,,,,,,,,,,ааа'Display Units'[Value] = _Value,,,,,,,
,,,,,,,,,,,,,),,,,,,,
,,,,,,,,,,,,,,,,,,,,
,,,,,,,,,,,,,"VAR _Div = DIVIDE(_Measure, _Value)",,,,,,,
,,,,,,,,,,,,,,,,,,,,
,,,,,,,,,,,,,"VAR _Result = FORMAT(_Div, _Format)",,,,,,,
,,,,,,,,,,,,,,,,,,,,
,,,,,,,,,,,,,RETURN,,,,,,,
,,,,,,,,,,,,,_Result,,,,,,,
,,,,,,,,,,,,,"& "" "" &",,,,,,,
,,,,,,,,,,,,,SWITCH(,,,,,,,
,,,,,,,,,,,,,"аааTRUE(),",,,,,,,
,,,,,,,,,,,,,"ааа_Measure > 0, UNICHAR(129033),",,,,,,,
,,,,,,,,,,,,,"ааа_Measure < 0 , UNICHAR(129035)",,,,,,,
,,,,,,,,,,,,,),,,,,,,
9db905b3-1555-4fdf-b744-0526515a48f6,,Model,#RL - GLAmt YoY % & Budget Variance (YTD),[Measures].[#RL - GLAmt YoY % & Budget Variance (YTD)],#RL - GLAmt YoY % & Budget Variance (YTD),,0,12,65535,-1,,,VAR _YoY =,TRUE,,#RL - GLAmt YoY % & Budget Variance (YTD),#RL - GLAmt YoY % & Budget Variance (YTD),Titles and Labels,Reference Labels,
,,,,,,,,,,,,,"""LY: "" &",,,,,,,
,,,,,,,,,,,,,FORMAT(,,,,,,,
,,,,,,,,,,,,,"ааа[General Ledger Amount YoY % (YTD)],",,,,,,,
,,,,,,,,,,,,,"ааа""###,###,##0.0 %""",,,,,,,
,,,,,,,,,,,,,") & """"",,,,,,,
,,,,,,,,,,,,,,,,,,,,
,,,,,,,,,,,,,VAR _BudgetVariance =,,,,,,,
,,,,,,,,,,,,,IF(,,,,,,,
,,,,,,,,,,,,,"аааISBLANK([Budget Variance % (YTD)]),",,,,,,,
,,,,,,,,,,,,,"аааBLANK(),",,,,,,,
,,,,,,,,,,,,,"ааа""B: "" &",,,,,,,
,,,,,,,,,,,,,аааFORMAT(,,,,,,,
,,,,,,,,,,,,,"ааааааа[Budget Variance % (YTD)],",,,,,,,
,,,,,,,,,,,,,"ааааааа""###,###,##0.0 %""",,,,,,,
,,,,,,,,,,,,,"ааа) & """"",,,,,,,
,,,,,,,,,,,,,),,,,,,,
,,,,,,,,,,,,,,,,,,,,
,,,,,,,,,,,,,RETURN,,,,,,,
,,,,,,,,,,,,,_YoY,,,,,,,
,,,,,,,,,,,,,& UNICHAR(10) &,,,,,,,
,,,,,,,,,,,,,_BudgetVariance,,,,,,,
9db905b3-1555-4fdf-b744-0526515a48f6,,Model,Title - P&L,[Measures].[Title - P&L],Title - P&L,,0,12,65535,-1,,,"VAR _Language = SELECTEDVALUE('Language'[Value], ""ENG"")",TRUE,,Title - P&L,Title - P&L,Titles and Labels,Titles & Subtitles,
,,,,,,,,,,,,,,,,,,,,
,,,,,,,,,,,,,VAR _Text =,,,,,,,
,,,,,,,,,,,,,SWITCH(,,,,,,,
,,,,,,,,,,,,,"аааTRUE(),",,,,,,,
,,,,,,,,,,,,,"ааа_Language = ""NOR"", ""Resultatrapport"",",,,,,,,
,,,,,,,,,,,,,"ааа""Profit and Loss""",,,,,,,
,,,,,,,,,,,,,),,,,,,,
,,,,,,,,,,,,,,,,,,,,
,,,,,,,,,,,,,RETURN,,,,,,,
,,,,,,,,,,,,,_Text,,,,,,,
9db905b3-1555-4fdf-b744-0526515a48f6,,Model,Title - Balance - Assets,[Measures].[Title - Balance - Assets],Title - Balance - Assets,,0,12,65535,-1,,,"VAR _Language = SELECTEDVALUE('Language'[Value], ""ENG"")",TRUE,,Title - Balance - Assets,Title - Balance - Assets,Titles and Labels,Titles & Subtitles,
,,,,,,,,,,,,,,,,,,,,
,,,,,,,,,,,,,VAR _Text =,,,,,,,
,,,,,,,,,,,,,SWITCH(,,,,,,,
,,,,,,,,,,,,,"аааTRUE(),",,,,,,,
,,,,,,,,,,,,,"ааа_Language = ""NOR"", ""Eiendeler"",",,,,,,,
,,,,,,,,,,,,,"ааа""Assets""",,,,,,,
,,,,,,,,,,,,,),,,,,,,
,,,,,,,,,,,,,,,,,,,,
,,,,,,,,,,,,,RETURN,,,,,,,
,,,,,,,,,,,,,_Text,,,,,,,
9db905b3-1555-4fdf-b744-0526515a48f6,,Model,Title - Balance - Liabilities & Shareholders Equity,[Measures].[Title - Balance - Liabilities & Shareholders Equity],Title - Balance - Liabilities & Shareholders Equity,,0,12,65535,-1,,,"VAR _Language = SELECTEDVALUE('Language'[Value], ""ENG"")",TRUE,,Title - Balance - Liabilities & Shareholders Equity,Title - Balance - Liabilities & Shareholders Equity,Titles and Labels,Titles & Subtitles,
,,,,,,,,,,,,,,,,,,,,
,,,,,,,,,,,,,VAR _Text =,,,,,,,
,,,,,,,,,,,,,SWITCH(,,,,,,,
,,,,,,,,,,,,,"аааTRUE(),",,,,,,,
,,,,,,,,,,,,,"ааа_Language = ""NOR"", ""Egenkapital & Gjeld"",",,,,,,,
,,,,,,,,,,,,,"ааа""Liabilities & Shareholders Equity""",,,,,,,
,,,,,,,,,,,,,),,,,,,,
,,,,,,,,,,,,,,,,,,,,
,,,,,,,,,,,,,RETURN,,,,,,,
,,,,,,,,,,,,,_Text,,,,,,,
9db905b3-1555-4fdf-b744-0526515a48f6,,Model,Msg - Year & Month Selection,[Measures].[Msg - Year & Month Selection],Msg - Year & Month Selection,,0,12,65535,-1,,,IF(,TRUE,,Msg - Year & Month Selection,Msg - Year & Month Selection,Titles and Labels,Messages,
,,,,,,,,,,,,,"аааHASONEVALUE(dimDate[Year]) && HASONEVALUE(dimDate[Month Number]),",,,,,,,
,,,,,,,,,,,,,"аааUNICHAR(8200),",,,,,,,
,,,,,,,,,,,,,"ааа""?? Please select a single year and month""",,,,,,,
,,,,,,,,,,,,,),,,,,,,
9db905b3-1555-4fdf-b744-0526515a48f6,,Model,#RL - Budget Variance (YTD),[Measures].[#RL - Budget Variance (YTD)],#RL - Budget Variance (YTD),,0,12,65535,-1,,,"VAR _Measure = [Budget Variance (YTD)] * SELECTEDVALUE('Display Units'[Value], 1)",TRUE,,#RL - Budget Variance (YTD),#RL - Budget Variance (YTD),Titles and Labels,Reference Labels,
,,,,,,,,,,,,,,,,,,,,
,,,,,,,,,,,,,VAR _Value =,,,,,,,
,,,,,,,,,,,,,CALCULATE(,,,,,,,
,,,,,,,,,,,,,"аааMAX('Display Units'[Value]),",,,,,,,
,,,,,,,,,,,,,"аааREMOVEFILTERS('Display Units'),",,,,,,,
,,,,,,,,,,,,,ааа'Display Units'[Value] <= ABS(_Measure),,,,,,,
,,,,,,,,,,,,,),,,,,,,
,,,,,,,,,,,,,,,,,,,,
,,,,,,,,,,,,,VAR _Format =,,,,,,,
,,,,,,,,,,,,,CALCULATE(,,,,,,,
,,,,,,,,,,,,,"аааSELECTEDVALUE('Display Units'[Format String]),",,,,,,,
,,,,,,,,,,,,,"аааREMOVEFILTERS('Display Units'),",,,,,,,
,,,,,,,,,,,,,ааа'Display Units'[Value] = _Value,,,,,,,
,,,,,,,,,,,,,),,,,,,,
,,,,,,,,,,,,,,,,,,,,
,,,,,,,,,,,,,"VAR _Div = DIVIDE(_Measure, _Value)",,,,,,,
,,,,,,,,,,,,,,,,,,,,
,,,,,,,,,,,,,"VAR _Result = FORMAT(_Div, _Format)",,,,,,,
,,,,,,,,,,,,,,,,,,,,
,,,,,,,,,,,,,RETURN,,,,,,,
,,,,,,,,,,,,,_Result,,,,,,,
,,,,,,,,,,,,,"& "" "" &",,,,,,,
,,,,,,,,,,,,,SWITCH(,,,,,,,
,,,,,,,,,,,,,"аааTRUE(),",,,,,,,
,,,,,,,,,,,,,"ааа_Measure > 0, UNICHAR(129033),",,,,,,,
,,,,,,,,,,,,,"ааа_Measure < 0 , UNICHAR(129035)",,,,,,,
,,,,,,,,,,,,,),,,,,,,
9db905b3-1555-4fdf-b744-0526515a48f6,,Model,Subtitle - Accounts and Dates,[Measures].[Subtitle - Accounts and Dates],Subtitle - Accounts and Dates,,0,12,65535,-1,,,"[AccountRangeLong] & "" - ("" & FORMAT(MIN('dimDate'[Date]), ""DD-MMM-YYYY"") & "" - "" & FORMAT(MAX('dimDate'[Date]), ""DD-MMM-YYYY"") &"")""",TRUE,,Subtitle - Accounts and Dates,Subtitle - Accounts and Dates,Titles and Labels,Titles & Subtitles,
9db905b3-1555-4fdf-b744-0526515a48f6,,Model,Title - Number of Transactions,[Measures].[Title - Number of Transactions],Title - Number of Transactions,,0,12,65535,-1,,,"VAR _Language = SELECTEDVALUE('Language'[Value], ""ENG"")",TRUE,,Title - Number of Transactions,Title - Number of Transactions,Titles and Labels,Titles & Subtitles,
,,,,,,,,,,,,,,,,,,,,
,,,,,,,,,,,,,VAR _Text =,,,,,,,
,,,,,,,,,,,,,SWITCH(,,,,,,,
,,,,,,,,,,,,,"аааTRUE(),",,,,,,,
,,,,,,,,,,,,,"ааа_Language = ""NOR"", ""Transaksjoner"",",,,,,,,
,,,,,,,,,,,,,"ааа""Transactions""",,,,,,,
,,,,,,,,,,,,,),,,,,,,
,,,,,,,,,,,,,,,,,,,,
,,,,,,,,,,,,,VAR _Measure = [Number of Transactions],,,,,,,
,,,,,,,,,,,,,,,,,,,,
,,,,,,,,,,,,,VAR _Value =,,,,,,,
,,,,,,,,,,,,,CALCULATE(,,,,,,,
,,,,,,,,,,,,,"аааMAX('Display Units'[Value]),",,,,,,,
,,,,,,,,,,,,,"аааREMOVEFILTERS('Display Units'),",,,,,,,
,,,,,,,,,,,,,ааа'Display Units'[Value] <= ABS(_Measure),,,,,,,
,,,,,,,,,,,,,),,,,,,,
,,,,,,,,,,,,,,,,,,,,
,,,,,,,,,,,,,VAR _Format =,,,,,,,
,,,,,,,,,,,,,CALCULATE(,,,,,,,
,,,,,,,,,,,,,"аааSELECTEDVALUE('Display Units'[Format String]),",,,,,,,
,,,,,,,,,,,,,"аааREMOVEFILTERS('Display Units'),",,,,,,,
,,,,,,,,,,,,,ааа'Display Units'[Value] = _Value,,,,,,,
,,,,,,,,,,,,,),,,,,,,
,,,,,,,,,,,,,,,,,,,,
,,,,,,,,,,,,,"VAR _Div = DIVIDE(_Measure, _Value) + 0",,,,,,,
,,,,,,,,,,,,,,,,,,,,
,,,,,,,,,,,,,"VAR _Result = TRIM( FORMAT(_Div, _Format) )",,,,,,,
,,,,,,,,,,,,,,,,,,,,
,,,,,,,,,,,,,RETURN,,,,,,,
,,,,,,,,,,,,,"_Text & "" ("" & _Result & "")""",,,,,,,
9db905b3-1555-4fdf-b744-0526515a48f6,,Model,Title - Select Language,[Measures].[Title - Select Language],Title - Select Language,,0,12,65535,-1,,,"VAR _Language = SELECTEDVALUE('Language'[Value], ""ENG"")",TRUE,,Title - Select Language,Title - Select Language,Titles and Labels,Titles & Subtitles,
,,,,,,,,,,,,,,,,,,,,
,,,,,,,,,,,,,VAR _Text =,,,,,,,
,,,,,,,,,,,,,SWITCH(,,,,,,,
,,,,,,,,,,,,,"аааTRUE(),",,,,,,,
,,,,,,,,,,,,,"ааа_Language = ""NOR"", ""Velg sprхk"",",,,,,,,
,,,,,,,,,,,,,"ааа""Select Language""",,,,,,,
,,,,,,,,,,,,,),,,,,,,
,,,,,,,,,,,,,,,,,,,,
,,,,,,,,,,,,,RETURN,,,,,,,
,,,,,,,,,,,,,_Text,,,,,,,
9db905b3-1555-4fdf-b744-0526515a48f6,,Model,Title - GL Transactions,[Measures].[Title - GL Transactions],Title - GL Transactions,,0,12,65535,-1,,,"VAR _Language = SELECTEDVALUE('Language'[Value], ""ENG"")",TRUE,,Title - GL Transactions,Title - GL Transactions,Titles and Labels,Titles & Subtitles,
,,,,,,,,,,,,,,,,,,,,
,,,,,,,,,,,,,VAR _Text =,,,,,,,
,,,,,,,,,,,,,SWITCH(,,,,,,,
,,,,,,,,,,,,,"аааTRUE(),",,,,,,,
,,,,,,,,,,,,,"ааа_Language = ""NOR"", ""Hovedbokstransaksjoner"",",,,,,,,
,,,,,,,,,,,,,"ааа""General Ledger Transactions""",,,,,,,
,,,,,,,,,,,,,),,,,,,,
,,,,,,,,,,,,,,,,,,,,
,,,,,,,,,,,,,RETURN,,,,,,,
,,,,,,,,,,,,,_Text,,,,,,,
9db905b3-1555-4fdf-b744-0526515a48f6,,Model,Title - Budget,[Measures].[Title - Budget],Title - Budget,,0,12,65535,-1,,,"VAR _Language = SELECTEDVALUE('Language'[Value], ""ENG"")",TRUE,,Title - Budget,Title - Budget,Titles and Labels,Titles & Subtitles,
,,,,,,,,,,,,,,,,,,,,
,,,,,,,,,,,,,VAR _Text =,,,,,,,
,,,,,,,,,,,,,SWITCH(,,,,,,,
,,,,,,,,,,,,,"аааTRUE(),",,,,,,,
,,,,,,,,,,,,,"ааа_Language = ""NOR"", ""Budsjett"",",,,,,,,
,,,,,,,,,,,,,"ааа""Budget""",,,,,,,
,,,,,,,,,,,,,),,,,,,,
,,,,,,,,,,,,,,,,,,,,
,,,,,,,,,,,,,RETURN,,,,,,,
,,,,,,,,,,,,,_Text,,,,,,,
9db905b3-1555-4fdf-b744-0526515a48f6,,Model,Title - Revenue,[Measures].[Title - Revenue],Title - Revenue,,0,12,65535,-1,,,"VAR _Language = SELECTEDVALUE('Language'[Value], ""ENG"")",TRUE,,Title - Revenue,Title - Revenue,Titles and Labels,Titles & Subtitles,
,,,,,,,,,,,,,,,,,,,,
,,,,,,,,,,,,,VAR _Text =,,,,,,,
,,,,,,,,,,,,,SWITCH(,,,,,,,
,,,,,,,,,,,,,"аааTRUE(),",,,,,,,
,,,,,,,,,,,,,"ааа_Language = ""NOR"", ""Inntekter"",",,,,,,,
,,,,,,,,,,,,,"ааа""Revenue""",,,,,,,
,,,,,,,,,,,,,),,,,,,,
,,,,,,,,,,,,,,,,,,,,
,,,,,,,,,,,,,RETURN,,,,,,,
,,,,,,,,,,,,,_Text,,,,,,,
9db905b3-1555-4fdf-b744-0526515a48f6,,Model,Title - COGS,[Measures].[Title - COGS],Title - COGS,,0,12,65535,-1,,,"VAR _Language = SELECTEDVALUE('Language'[Value], ""ENG"")",TRUE,,Title - COGS,Title - COGS,Titles and Labels,Titles & Subtitles,
,,,,,,,,,,,,,,,,,,,,
,,,,,,,,,,,,,VAR _Text =,,,,,,,
,,,,,,,,,,,,,SWITCH(,,,,,,,
,,,,,,,,,,,,,"аааTRUE(),",,,,,,,
,,,,,,,,,,,,,"ааа_Language = ""NOR"", ""Varekostnader"",",,,,,,,
,,,,,,,,,,,,,"ааа""COGS""",,,,,,,
,,,,,,,,,,,,,),,,,,,,
,,,,,,,,,,,,,,,,,,,,
,,,,,,,,,,,,,RETURN,,,,,,,
,,,,,,,,,,,,,_Text,,,,,,,
9db905b3-1555-4fdf-b744-0526515a48f6,,Model,Title - OPEX,[Measures].[Title - OPEX],Title - OPEX,,0,12,65535,-1,,,"VAR _Language = SELECTEDVALUE('Language'[Value], ""ENG"")",TRUE,,Title - OPEX,Title - OPEX,Titles and Labels,Titles & Subtitles,
,,,,,,,,,,,,,,,,,,,,
,,,,,,,,,,,,,VAR _Text =,,,,,,,
,,,,,,,,,,,,,SWITCH(,,,,,,,
,,,,,,,,,,,,,"аааTRUE(),",,,,,,,
,,,,,,,,,,,,,"ааа_Language = ""NOR"", ""Driftskostnader"",",,,,,,,
,,,,,,,,,,,,,"ааа""OPEX""",,,,,,,
,,,,,,,,,,,,,),,,,,,,
,,,,,,,,,,,,,,,,,,,,
,,,,,,,,,,,,,RETURN,,,,,,,
,,,,,,,,,,,,,_Text,,,,,,,
9db905b3-1555-4fdf-b744-0526515a48f6,,Model,Title - Net Financials,[Measures].[Title - Net Financials],Title - Net Financials,,0,12,65535,-1,,,"VAR _Language = SELECTEDVALUE('Language'[Value], ""ENG"")",TRUE,,Title - Net Financials,Title - Net Financials,Titles and Labels,Titles & Subtitles,
,,,,,,,,,,,,,,,,,,,,
,,,,,,,,,,,,,VAR _Text =,,,,,,,
,,,,,,,,,,,,,SWITCH(,,,,,,,
,,,,,,,,,,,,,"аааTRUE(),",,,,,,,
,,,,,,,,,,,,,"ааа_Language = ""NOR"", ""Finansresultat"",",,,,,,,
,,,,,,,,,,,,,"ааа""Net Financials""",,,,,,,
,,,,,,,,,,,,,),,,,,,,
,,,,,,,,,,,,,,,,,,,,
,,,,,,,,,,,,,RETURN,,,,,,,
,,,,,,,,,,,,,_Text,,,,,,,
9db905b3-1555-4fdf-b744-0526515a48f6,,Model,Title - Net Profit,[Measures].[Title - Net Profit],Title - Net Profit,,0,12,65535,-1,,,"VAR _Language = SELECTEDVALUE('Language'[Value], ""ENG"")",TRUE,,Title - Net Profit,Title - Net Profit,Titles and Labels,Titles & Subtitles,
,,,,,,,,,,,,,,,,,,,,
,,,,,,,,,,,,,VAR _Text =,,,,,,,
,,,,,,,,,,,,,SWITCH(,,,,,,,
,,,,,,,,,,,,,"аааTRUE(),",,,,,,,
,,,,,,,,,,,,,"ааа_Language = ""NOR"", ""Resultat"",",,,,,,,
,,,,,,,,,,,,,"ааа""Net Profit""",,,,,,,
,,,,,,,,,,,,,),,,,,,,
,,,,,,,,,,,,,,,,,,,,
,,,,,,,,,,,,,RETURN,,,,,,,
,,,,,,,,,,,,,_Text,,,,,,,
9db905b3-1555-4fdf-b744-0526515a48f6,,Model,Title - Customers,[Measures].[Title - Customers],Title - Customers,,0,12,65535,-1,,,"VAR _Language = SELECTEDVALUE('Language'[Value], ""ENG"")",TRUE,,Title - Customers,Title - Customers,Titles and Labels,Titles & Subtitles,
,,,,,,,,,,,,,,,,,,,,
,,,,,,,,,,,,,VAR _Text =,,,,,,,
,,,,,,,,,,,,,SWITCH(,,,,,,,
,,,,,,,,,,,,,"аааTRUE(),",,,,,,,
,,,,,,,,,,,,,"ааа_Language = ""NOR"", ""Kunder"",",,,,,,,
,,,,,,,,,,,,,"ааа""Customers""",,,,,,,
,,,,,,,,,,,,,),,,,,,,
,,,,,,,,,,,,,,,,,,,,
,,,,,,,,,,,,,RETURN,,,,,,,
,,,,,,,,,,,,,_Text,,,,,,,
9db905b3-1555-4fdf-b744-0526515a48f6,,Model,Title - Suppliers,[Measures].[Title - Suppliers],Title - Suppliers,,0,12,65535,-1,,,"VAR _Language = SELECTEDVALUE('Language'[Value], ""ENG"")",TRUE,,Title - Suppliers,Title - Suppliers,Titles and Labels,Titles & Subtitles,
,,,,,,,,,,,,,,,,,,,,
,,,,,,,,,,,,,VAR _Text =,,,,,,,
,,,,,,,,,,,,,SWITCH(,,,,,,,
,,,,,,,,,,,,,"аааTRUE(),",,,,,,,
,,,,,,,,,,,,,"ааа_Language = ""NOR"", ""LeverandЇrer"",",,,,,,,
,,,,,,,,,,,,,"ааа""Suppliers""",,,,,,,
,,,,,,,,,,,,,),,,,,,,
,,,,,,,,,,,,,,,,,,,,
,,,,,,,,,,,,,RETURN,,,,,,,
,,,,,,,,,,,,,_Text,,,,,,,
9db905b3-1555-4fdf-b744-0526515a48f6,,Model,Title - Invoices,[Measures].[Title - Invoices],Title - Invoices,,0,12,65535,-1,,,"VAR _Language = SELECTEDVALUE('Language'[Value], ""ENG"")",TRUE,,Title - Invoices,Title - Invoices,Titles and Labels,Titles & Subtitles,
,,,,,,,,,,,,,,,,,,,,
,,,,,,,,,,,,,VAR _Text =,,,,,,,
,,,,,,,,,,,,,SWITCH(,,,,,,,
,,,,,,,,,,,,,"аааTRUE(),",,,,,,,
,,,,,,,,,,,,,"ааа_Language = ""NOR"", ""Fakturaer"",",,,,,,,
,,,,,,,,,,,,,"ааа""Invoices""",,,,,,,
,,,,,,,,,,,,,),,,,,,,
,,,,,,,,,,,,,,,,,,,,
,,,,,,,,,,,,,RETURN,,,,,,,
,,,,,,,,,,,,,_Text,,,,,,,
9db905b3-1555-4fdf-b744-0526515a48f6,,Model,Title - AR Aging Report,[Measures].[Title - AR Aging Report],Title - AR Aging Report,,0,12,65535,-1,,,"VAR _Language = SELECTEDVALUE('Language'[Value], ""ENG"")",TRUE,,Title - AR Aging Report,Title - AR Aging Report,Titles and Labels,Titles & Subtitles,
,,,,,,,,,,,,,,,,,,,,
,,,,,,,,,,,,,VAR _Text =,,,,,,,
,,,,,,,,,,,,,SWITCH(,,,,,,,
,,,,,,,,,,,,,"аааTRUE(),",,,,,,,
,,,,,,,,,,,,,"ааа_Language = ""NOR"", ""Kundefordringer aldersfordelt"",",,,,,,,
,,,,,,,,,,,,,"ааа""Accounts Receivable Aging Report""",,,,,,,
,,,,,,,,,,,,,),,,,,,,
,,,,,,,,,,,,,,,,,,,,
,,,,,,,,,,,,,RETURN,,,,,,,
,,,,,,,,,,,,,_Text,,,,,,,
9db905b3-1555-4fdf-b744-0526515a48f6,,Model,Title - AP Aging Report,[Measures].[Title - AP Aging Report],Title - AP Aging Report,,0,12,65535,-1,,,"VAR _Language = SELECTEDVALUE('Language'[Value], ""ENG"")",TRUE,,Title - AP Aging Report,Title - AP Aging Report,Titles and Labels,Titles & Subtitles,
,,,,,,,,,,,,,,,,,,,,
,,,,,,,,,,,,,VAR _Text =,,,,,,,
,,,,,,,,,,,,,SWITCH(,,,,,,,
,,,,,,,,,,,,,"аааTRUE(),",,,,,,,
,,,,,,,,,,,,,"ааа_Language = ""NOR"", ""LeverandЇrgjeld aldersfordelt"",",,,,,,,
,,,,,,,,,,,,,"ааа""Accounts Payable Aging Report""",,,,,,,
,,,,,,,,,,,,,),,,,,,,
,,,,,,,,,,,,,,,,,,,,
,,,,,,,,,,,,,RETURN,,,,,,,
,,,,,,,,,,,,,_Text,,,,,,,
9db905b3-1555-4fdf-b744-0526515a48f6,,Model,Text - Last Year,[Measures].[Text - Last Year],Text - Last Year,,0,12,65535,-1,,,"VAR _Language = SELECTEDVALUE('Language'[Value], ""ENG"")",TRUE,,Text - Last Year,Text - Last Year,Titles and Labels,Titles & Subtitles,
,,,,,,,,,,,,,,,,,,,,
,,,,,,,,,,,,,VAR _Text =,,,,,,,
,,,,,,,,,,,,,SWITCH(,,,,,,,
,,,,,,,,,,,,,"аааTRUE(),",,,,,,,
,,,,,,,,,,,,,"ааа_Language = ""NOR"", ""Forrige хr:"",",,,,,,,
,,,,,,,,,,,,,"ааа""Last Year:""",,,,,,,
,,,,,,,,,,,,,),,,,,,,
,,,,,,,,,,,,,,,,,,,,
,,,,,,,,,,,,,RETURN,,,,,,,
,,,,,,,,,,,,,_Text,,,,,,,
9db905b3-1555-4fdf-b744-0526515a48f6,,Model,Text - Year to Date,[Measures].[Text - Year to Date],Text - Year to Date,,0,12,65535,-1,,,"VAR _Language = SELECTEDVALUE('Language'[Value], ""ENG"")",TRUE,,Text - Year to Date,Text - Year to Date,Titles and Labels,Titles & Subtitles,
,,,,,,,,,,,,,,,,,,,,
,,,,,,,,,,,,,VAR _Text =,,,,,,,
,,,,,,,,,,,,,SWITCH(,,,,,,,
,,,,,,,,,,,,,"аааTRUE(),",,,,,,,
,,,,,,,,,,,,,"ааа_Language = ""NOR"", ""Hittil i хr"",",,,,,,,
,,,,,,,,,,,,,"ааа""Year to Date""",,,,,,,
,,,,,,,,,,,,,),,,,,,,
,,,,,,,,,,,,,,,,,,,,
,,,,,,,,,,,,,RETURN,,,,,,,
,,,,,,,,,,,,,_Text,,,,,,,
9db905b3-1555-4fdf-b744-0526515a48f6,,Model,Title - Company & Branch,[Measures].[Title - Company & Branch],Title - Company & Branch,,0,12,65535,-1,,,"VAR _Language = SELECTEDVALUE('Language'[Value], ""ENG"")",TRUE,,Title - Company & Branch,Title - Company & Branch,Titles and Labels,Titles & Subtitles,
,,,,,,,,,,,,,,,,,,,,
,,,,,,,,,,,,,VAR _Text =,,,,,,,
,,,,,,,,,,,,,SWITCH(,,,,,,,
,,,,,,,,,,,,,"аааTRUE(),",,,,,,,
,,,,,,,,,,,,,"ааа_Language = ""NOR"", ""Firma og underenhet"",",,,,,,,
,,,,,,,,,,,,,"ааа""Company & Branch""",,,,,,,
,,,,,,,,,,,,,),,,,,,,
,,,,,,,,,,,,,,,,,,,,
,,,,,,,,,,,,,RETURN,,,,,,,
,,,,,,,,,,,,,_Text,,,,,,,
9db905b3-1555-4fdf-b744-0526515a48f6,,Model,Subtitle - Years and Months,[Measures].[Subtitle - Years and Months],Subtitle - Years and Months,,0,12,65535,-1,,,"""("" &",TRUE,,Subtitle - Years and Months,Subtitle - Years and Months,Titles and Labels,Titles & Subtitles,
,,,,,,,,,,,,,CONCATENATEX(,,,,,,,
,,,,,,,,,,,,,"аааVALUES(dimDate[Year]),",,,,,,,
,,,,,,,,,,,,,"аааdimDate[Year],",,,,,,,
,,,,,,,,,,,,,"ааа"", """,,,,,,,
,,,,,,,,,,,,,ааа),,,,,,,
,,,,,,,,,,,,,"& "") ("" &",,,,,,,
,,,,,,,,,,,,,CONCATENATEX(,,,,,,,
,,,,,,,,,,,,,"аааVALUES(dimDate[Month]),",,,,,,,
,,,,,,,,,,,,,"аааdimDate[Month],",,,,,,,
,,,,,,,,,,,,,"ааа"", """,,,,,,,
,,,,,,,,,,,,,ааа),,,,,,,
,,,,,,,,,,,,,"& "")""",,,,,,,
9db905b3-1555-4fdf-b744-0526515a48f6,,Model,__Default measure,[Measures].[__Default measure],__Default measure,,127,12,65535,-1,,,1,FALSE,,__Default measure,__Default measure,,,
